<?xml version="1.0" encoding="UTF-8"?>
<ownedMember name="PrimitiveTypes" publish:icon="848955375.jpeg" publish:modelname="architecture" publish:qualifiedname="architecture::PrimitiveTypes" publish:toplevelguid="_EWlSMIqqEduD57FOfu5USw" xmi:id="_a_kRQIqqEduD57FOfu5USw" xmi:version="2.0" xmlns:com.ibm.xtools.notation="http:///com/ibm/xtools/notation.ecore" xmlns:publish="http://www.ibm.com/Rational/XTools/Publish" xmlns:uml="http://www.eclipse.org/uml2/1.0.0/UML" xmlns:xmi="http://www.omg.org/XMI" xmlns:xsi="http://www.w3.org/2001/XMLSchema-instance" xsi:type="uml:Package"><ownedMember name="ByteBuffer" publish:icon="9045907.jpeg" publish:qualifiedname="architecture::PrimitiveTypes::ByteBuffer" xmi:id="_a_kRQYqqEduD57FOfu5USw" xsi:type="uml:PrimitiveType"/><ownedMember name="Object" publish:icon="9045907.jpeg" publish:qualifiedname="architecture::PrimitiveTypes::Object" xmi:id="_Co8PMYqrEduD57FOfu5USw" xsi:type="uml:PrimitiveType"/><ownedMember name="long" publish:icon="9045907.jpeg" publish:qualifiedname="architecture::PrimitiveTypes::long" xmi:id="_TEqawYqrEduD57FOfu5USw" xsi:type="uml:PrimitiveType"/><ownedMember name="void" publish:icon="9045907.jpeg" publish:qualifiedname="architecture::PrimitiveTypes::void" xmi:id="_hcgqEoqrEduD57FOfu5USw" xsi:type="uml:PrimitiveType"/><ownedMember name="boolean" publish:icon="9045907.jpeg" publish:qualifiedname="architecture::PrimitiveTypes::boolean" xmi:id="_RSWZgYq0EduD57FOfu5USw" xsi:type="uml:PrimitiveType"/><ownedMember name="id" publish:icon="9045907.jpeg" publish:qualifiedname="architecture::PrimitiveTypes::id" xmi:id="_IxAOEYq1EduD57FOfu5USw" xsi:type="uml:PrimitiveType"/><ownedMember name="int" publish:icon="9045907.jpeg" publish:qualifiedname="architecture::PrimitiveTypes::int" xmi:id="_eerbcIq1EduD57FOfu5USw" xsi:type="uml:PrimitiveType"/><ownedMember name="extent" publish:icon="9045907.jpeg" publish:qualifiedname="architecture::PrimitiveTypes::extent" xmi:id="_iN_l0Yq1EduD57FOfu5USw" xsi:type="uml:PrimitiveType"/><ownedMember name="Iterator" publish:icon="9045907.jpeg" publish:qualifiedname="architecture::PrimitiveTypes::Iterator" xmi:id="_LNrZI4rnEduD57FOfu5USw" xsi:type="uml:PrimitiveType"/><ownedMember name="Map&lt;Key,Value>" publish:icon="9045907.jpeg" publish:qualifiedname="architecture::PrimitiveTypes::Map&lt;Key,Value>" xmi:id="_H7SCAIrsEduD57FOfu5USw" xsi:type="uml:PrimitiveType"/><ownedMember name="*" publish:icon="9045907.jpeg" publish:qualifiedname="architecture::PrimitiveTypes::*" xmi:id="_s_OycJIWEduWfNtJ0THKPQ" xsi:type="uml:PrimitiveType"/><ownedMember name="byte" publish:icon="9045907.jpeg" publish:qualifiedname="architecture::PrimitiveTypes::byte" xmi:id="_bb0lAs19EduTE5xAot6nFA" xsi:type="uml:PrimitiveType"/><ownedMember name="out" publish:icon="9045907.jpeg" publish:qualifiedname="architecture::PrimitiveTypes::out" xmi:id="_DUyyQc2LEduTE5xAot6nFA" xsi:type="uml:PrimitiveType"/></ownedMember>