<?xml version="1.0" encoding="UTF-8"?>
<ownedMember name="journal" publish:icon="848955375.jpeg" publish:modelname="architecture" publish:qualifiedname="architecture::journal" publish:toplevelguid="_EWlSMIqqEduD57FOfu5USw" xmi:id="_Artw0M2DEduTE5xAot6nFA" xmi:version="2.0" xmlns:com.ibm.xtools.notation="http:///com/ibm/xtools/notation.ecore" xmlns:publish="http://www.ibm.com/Rational/XTools/Publish" xmlns:uml="http://www.eclipse.org/uml2/1.0.0/UML" xmlns:xmi="http://www.omg.org/XMI" xmlns:xsi="http://www.w3.org/2001/XMLSchema-instance" xsi:type="uml:Package"><contents Type="Class" name="Atomic Store" publish:icon="17368741.jpeg" publish:imageType="JPEG" publish:qualifiedname="architecture::journal::Atomic Store" xmi:id="_joJMkM2FEduTE5xAot6nFA" xsi:type="notation:Diagram"><publish:partInfo name="" publish:partLowerX="810" publish:partLowerY="562" publish:partUpperX="672" publish:partUpperY="451" xmi:id="_tdlcIM2PEdu-valOzsHUJQ"/><publish:partInfo name="" publish:partLowerX="695" publish:partLowerY="285" publish:partUpperX="592" publish:partUpperY="240" xmi:id="_cJ-YkM2KEduTE5xAot6nFA"/><publish:partInfo name="" publish:partLowerX="705" publish:partLowerY="251" publish:partUpperX="518" publish:partUpperY="93" xmi:id="_yi2f8IqrEduD57FOfu5USw"/><publish:partInfo name="" publish:partLowerX="490" publish:partLowerY="293" publish:partUpperX="347" publish:partUpperY="223" xmi:id="_4rAbAM2IEduTE5xAot6nFA"/><publish:partInfo name="" publish:partLowerX="206" publish:partLowerY="454" publish:partUpperX="102" publish:partUpperY="342" xmi:id="_59xpUIq_EduD57FOfu5USw"/><publish:partInfo name="CommitRecordIndex" publish:partLowerX="816" publish:partLowerY="466" publish:partUpperX="647" publish:partUpperY="419" xmi:id="_42e48M2NEduTE5xAot6nFA"/><publish:partInfo name="ICommitRecord" publish:partLowerX="865" publish:partLowerY="665" publish:partUpperX="647" publish:partUpperY="551" xmi:id="_oZHuoM2NEduTE5xAot6nFA"/><publish:partInfo name="BTree" publish:partLowerX="761" publish:partLowerY="285" publish:partUpperX="683" publish:partUpperY="238" xmi:id="_24SEkIqqEduD57FOfu5USw"/><publish:partInfo name="ICommitter" publish:partLowerX="609" publish:partLowerY="292" publish:partUpperX="479" publish:partUpperY="226" xmi:id="_J3n00M2FEduTE5xAot6nFA"/><publish:partInfo name="IAtomicStore" publish:partLowerX="364" publish:partLowerY="356" publish:partUpperX="22" publish:partUpperY="178" xmi:id="_y34JMIq1EduD57FOfu5USw"/><publish:partInfo name="IRootBlockView" publish:partLowerX="255" publish:partLowerY="717" publish:partUpperX="34" publish:partUpperY="443" xmi:id="_qUOikIq0EduD57FOfu5USw"/><publish:partInfo name="IRawStore" publish:partLowerX="553" publish:partLowerY="107" publish:partUpperX="443" publish:partUpperY="46" xmi:id="_I0-wIIqqEduD57FOfu5USw"/></contents><contents Type="Class" name="Transactions" publish:icon="17368741.jpeg" publish:imageType="JPEG" publish:qualifiedname="architecture::journal::Transactions" xmi:id="_2PMAMM2FEduTE5xAot6nFA" xsi:type="notation:Diagram"><publish:partInfo name="" publish:partLowerX="134" publish:partLowerY="670" publish:partUpperX="75" publish:partUpperY="594" xmi:id="_RIQXkM2KEduTE5xAot6nFA"/><publish:partInfo name="" publish:partLowerX="217" publish:partLowerY="444" publish:partUpperX="179" publish:partUpperY="316" xmi:id="_7LTqAM2HEduTE5xAot6nFA"/><publish:partInfo name="TemporaryRawStore" publish:partLowerX="194" publish:partLowerY="704" publish:partUpperX="24" publish:partUpperY="657" xmi:id="_5EXgwM2JEduTE5xAot6nFA"/><publish:partInfo name="ReadCommittedTx" publish:partLowerX="380" publish:partLowerY="608" publish:partUpperX="223" publish:partUpperY="561" xmi:id="_Dl-wQM2IEduTE5xAot6nFA"/><publish:partInfo name="AbstractTx" publish:partLowerX="270" publish:partLowerY="501" publish:partUpperX="124" publish:partUpperY="433" xmi:id="_43MSUM2HEduTE5xAot6nFA"/><publish:partInfo name="RunState" publish:partLowerX="692" publish:partLowerY="532" publish:partUpperX="584" publish:partUpperY="429" xmi:id="_oobksM2HEduTE5xAot6nFA"/><publish:partInfo name="ITx" publish:partLowerX="288" publish:partLowerY="330" publish:partUpperX="115" publish:partUpperY="104" xmi:id="_MJnwsIqqEduD57FOfu5USw"/><publish:partInfo name="ITimestampService" publish:partLowerX="682" publish:partLowerY="158" publish:partUpperX="524" publish:partUpperY="92" xmi:id="_bymXMM2GEduTE5xAot6nFA"/><publish:partInfo name="ITransactionManager" publish:partLowerX="697" publish:partLowerY="314" publish:partUpperX="524" publish:partUpperY="200" xmi:id="_e1NMkM2GEduTE5xAot6nFA"/><publish:partInfo name="Tx" publish:partLowerX="125" publish:partLowerY="608" publish:partUpperX="67" publish:partUpperY="561" xmi:id="_SF1wIIqtEduD57FOfu5USw"/><publish:partInfo name="IsolationEnum" publish:partLowerX="524" publish:partLowerY="516" publish:partUpperX="392" publish:partUpperY="429" xmi:id="_hx3K8M2GEduTE5xAot6nFA"/></contents><contents Type="Class" name="Buffer Strategies" publish:icon="17368741.jpeg" publish:imageType="JPEG" publish:qualifiedname="architecture::journal::Buffer Strategies" xmi:id="_G56JsM2JEduTE5xAot6nFA" xsi:type="notation:Diagram"><publish:partInfo name="" publish:partLowerX="454" publish:partLowerY="399" publish:partUpperX="416" publish:partUpperY="319" xmi:id="_iekGoM2LEduTE5xAot6nFA"/><publish:partInfo name="DiskBackedBufferStrategy" publish:partLowerX="831" publish:partLowerY="631" publish:partUpperX="627" publish:partUpperY="579" xmi:id="_qz4LwM2LEduTE5xAot6nFA"/><publish:partInfo name="BasicBufferStrategy" publish:partLowerX="649" publish:partLowerY="535" publish:partUpperX="483" publish:partUpperY="483" xmi:id="_kHLDMM2LEduTE5xAot6nFA"/><publish:partInfo name="AbstractBufferStrategy" publish:partLowerX="536" publish:partLowerY="435" publish:partUpperX="347" publish:partUpperY="388" xmi:id="_gfw3oM2LEduTE5xAot6nFA"/><publish:partInfo name="MappedBufferStrategy" publish:partLowerX="976" publish:partLowerY="747" publish:partUpperX="791" publish:partUpperY="700" xmi:id="_cVLGgM2LEduTE5xAot6nFA"/><publish:partInfo name="BufferMode" publish:partLowerX="943" publish:partLowerY="262" publish:partUpperX="827" publish:partUpperY="159" xmi:id="_UlalgM2LEduTE5xAot6nFA"/><publish:partInfo name="IMROW" publish:partLowerX="776" publish:partLowerY="86" publish:partUpperX="686" publish:partUpperY="25" xmi:id="_XZO_sM2FEduTE5xAot6nFA"/><publish:partInfo name="IRawStore" publish:partLowerX="650" publish:partLowerY="85" publish:partUpperX="540" publish:partUpperY="24" xmi:id="_I0-wIIqqEduD57FOfu5USw"/><publish:partInfo name="ForceEnum" publish:partLowerX="943" publish:partLowerY="378" publish:partUpperX="827" publish:partUpperY="291" xmi:id="_1O-HEM2KEduTE5xAot6nFA"/><publish:partInfo name="DiskOnlyStrategy" publish:partLowerX="352" publish:partLowerY="536" publish:partUpperX="202" publish:partUpperY="484" xmi:id="_eXCjYIqqEduD57FOfu5USw"/><publish:partInfo name="TransientBufferStrategy" publish:partLowerX="556" publish:partLowerY="626" publish:partUpperX="363" publish:partUpperY="579" xmi:id="_b2ZyoIqqEduD57FOfu5USw"/><publish:partInfo name="DirectBufferStrategy" publish:partLowerX="687" publish:partLowerY="747" publish:partUpperX="515" publish:partUpperY="700" xmi:id="_UhnWYIqqEduD57FOfu5USw"/><publish:partInfo name="IBufferStrategy" publish:partLowerX="665" publish:partLowerY="333" publish:partUpperX="178" publish:partUpperY="123" xmi:id="_KTJ-UIqqEduD57FOfu5USw"/></contents><contents Type="Class" name="Temporary Stores" publish:icon="17368741.jpeg" publish:imageType="JPEG" publish:qualifiedname="architecture::journal::Temporary Stores" xmi:id="_RlIWQM2JEduTE5xAot6nFA" xsi:type="notation:Diagram"><publish:partInfo name="" publish:partLowerX="287" publish:partLowerY="550" publish:partUpperX="122" publish:partUpperY="451" xmi:id="_-N-e4M2JEduTE5xAot6nFA"/><publish:partInfo name="" publish:partLowerX="107" publish:partLowerY="406" publish:partUpperX="69" publish:partUpperY="314" xmi:id="_84AKcM2JEduTE5xAot6nFA"/><publish:partInfo name="IIndexManager" publish:partLowerX="412" publish:partLowerY="481" publish:partUpperX="275" publish:partUpperY="383" xmi:id="_HrvWoM2GEduTE5xAot6nFA"/><publish:partInfo name="TemporaryStore" publish:partLowerX="165" publish:partLowerY="586" publish:partUpperX="22" publish:partUpperY="539" xmi:id="_5KCD4M2JEduTE5xAot6nFA"/><publish:partInfo name="TemporaryRawStore" publish:partLowerX="180" publish:partLowerY="442" publish:partUpperX="10" publish:partUpperY="395" xmi:id="_5EXgwM2JEduTE5xAot6nFA"/><publish:partInfo name="IRawStore" publish:partLowerX="160" publish:partLowerY="328" publish:partUpperX="22" publish:partUpperY="118" xmi:id="_I0-wIIqqEduD57FOfu5USw"/></contents><contents Type="Class" name="Journal" publish:icon="17368741.jpeg" publish:imageType="JPEG" publish:qualifiedname="architecture::journal::Journal" xmi:id="_VJ3BQM2JEduTE5xAot6nFA" xsi:type="notation:Diagram"><publish:partInfo name="" publish:partLowerX="762" publish:partLowerY="786" publish:partUpperX="565" publish:partUpperY="716" xmi:id="_6EZugM2WEdutrbzDPceyvA"/><publish:partInfo name="" publish:partLowerX="489" publish:partLowerY="785" publish:partUpperX="367" publish:partUpperY="644" xmi:id="_xL6q4M2WEdutrbzDPceyvA"/><publish:partInfo name="" publish:partLowerX="638" publish:partLowerY="667" publish:partUpperX="419" publish:partUpperY="613" xmi:id="_B5tmIIq1EduD57FOfu5USw"/><publish:partInfo name="" publish:partLowerX="414" publish:partLowerY="622" publish:partUpperX="376" publish:partUpperY="530" xmi:id="_wGzwwIqqEduD57FOfu5USw"/><publish:partInfo name="IIndex" publish:partLowerX="837" publish:partLowerY="773" publish:partUpperX="750" publish:partUpperY="712" xmi:id="_0cxWcM18EduTE5xAot6nFA"/><publish:partInfo name="Name2Addr" publish:partLowerX="582" publish:partLowerY="778" publish:partUpperX="467" publish:partUpperY="731" xmi:id="_vU3CoM2WEdutrbzDPceyvA"/><publish:partInfo name="IStore" publish:partLowerX="678" publish:partLowerY="220" publish:partUpperX="575" publish:partUpperY="154" xmi:id="_3z6w8IqrEduD57FOfu5USw"/><publish:partInfo name="ITx" publish:partLowerX="714" publish:partLowerY="661" publish:partUpperX="627" publish:partUpperY="600" xmi:id="_MJnwsIqqEduD57FOfu5USw"/><publish:partInfo name="Journal" publish:partLowerX="436" publish:partLowerY="658" publish:partUpperX="347" publish:partUpperY="611" xmi:id="_TPzwQIqqEduD57FOfu5USw"/><publish:partInfo name="IAtomicStore" publish:partLowerX="463" publish:partLowerY="296" publish:partUpperX="310" publish:partUpperY="118" xmi:id="_y34JMIq1EduD57FOfu5USw"/><publish:partInfo name="ITransactionManager" publish:partLowerX="279" publish:partLowerY="232" publish:partUpperX="106" publish:partUpperY="118" xmi:id="_e1NMkM2GEduTE5xAot6nFA"/><publish:partInfo name="IJournal" publish:partLowerX="450" publish:partLowerY="545" publish:partUpperX="347" publish:partUpperY="479" xmi:id="_p0wYcM2IEduTE5xAot6nFA"/><publish:partInfo name="IIndexManager" publish:partLowerX="767" publish:partLowerY="445" publish:partUpperX="479" publish:partUpperY="347" xmi:id="_HrvWoM2GEduTE5xAot6nFA"/><publish:partInfo name="IMROW" publish:partLowerX="208" publish:partLowerY="408" publish:partUpperX="118" publish:partUpperY="347" xmi:id="_XZO_sM2FEduTE5xAot6nFA"/></contents><contents Type="Class" name="Named Indices" publish:icon="17368741.jpeg" publish:imageType="JPEG" publish:qualifiedname="architecture::journal::Named Indices" xmi:id="_73J0oM2NEduTE5xAot6nFA" xsi:type="notation:Diagram"><publish:partInfo name="UnisolatedBTree" publish:partLowerX="630" publish:partLowerY="561" publish:partUpperX="410" publish:partUpperY="509" xmi:id="_nWZLgM17EduTE5xAot6nFA"/><publish:partInfo name="IAtomicStore" publish:partLowerX="437" publish:partLowerY="143" publish:partUpperX="311" publish:partUpperY="82" xmi:id="_y34JMIq1EduD57FOfu5USw"/><publish:partInfo name="ITx" publish:partLowerX="566" publish:partLowerY="444" publish:partUpperX="479" publish:partUpperY="383" xmi:id="_MJnwsIqqEduD57FOfu5USw"/><publish:partInfo name="IIndexManager" publish:partLowerX="298" publish:partLowerY="481" publish:partUpperX="10" publish:partUpperY="383" xmi:id="_HrvWoM2GEduTE5xAot6nFA"/><publish:partInfo name="IStore" publish:partLowerX="490" publish:partLowerY="280" publish:partUpperX="262" publish:partUpperY="214" xmi:id="_3z6w8IqrEduD57FOfu5USw"/></contents><ownedMember name="IAtomicStore" publish:icon="1640237.jpeg" publish:qualifiedname="architecture::journal::IAtomicStore" xmi:id="_y34JMIq1EduD57FOfu5USw" xsi:type="uml:Interface"><upperValue name="" publish:icon="7669561.jpeg" publish:qualifiedname="architecture::journal::IAtomicStore::rootBlock::&lt;LiteralUnlimitedNatural>" xmi:id="_597aUYq_EduD57FOfu5USw" xsi:type="uml:LiteralUnlimitedNatural"/><lowerValue name="" publish:icon="32507827.jpeg" publish:qualifiedname="architecture::journal::IAtomicStore::rootBlock::&lt;LiteralInteger>" xmi:id="_597aUIq_EduD57FOfu5USw" xsi:type="uml:LiteralInteger"><upperValue name="" publish:icon="7669561.jpeg" publish:qualifiedname="architecture::journal::IAtomicStore::committer::&lt;LiteralUnlimitedNatural>" xmi:id="_4rAbBM2IEduTE5xAot6nFA" xsi:type="uml:LiteralUnlimitedNatural"/><lowerValue name="" publish:icon="32507827.jpeg" publish:qualifiedname="architecture::journal::IAtomicStore::committer::&lt;LiteralInteger>" xmi:id="_4rAbA82IEduTE5xAot6nFA" xsi:type="uml:LiteralInteger"><returnResult name="ReturnResult" publish:icon="1127417625.jpeg" publish:qualifiedname="architecture::journal::IAtomicStore::abort::ReturnResult" publish:type="void" publish:typeid="_hcgqEoqrEduD57FOfu5USw" xmi:id="_9vkd4M2EEduTE5xAot6nFA" xsi:type="uml:Parameter"><returnResult name="ReturnResult" publish:icon="1127417625.jpeg" publish:qualifiedname="architecture::journal::IAtomicStore::commit::ReturnResult" publish:type="long" publish:typeid="_TEqawYqrEduD57FOfu5USw" xmi:id="__52kIM2EEduTE5xAot6nFA" xsi:type="uml:Parameter"><returnResult name="ReturnResult" publish:icon="1127417625.jpeg" publish:qualifiedname="architecture::journal::IAtomicStore::setupCommitters::ReturnResult" publish:type="void" publish:typeid="_hcgqEoqrEduD57FOfu5USw" xmi:id="_Bk2GUM2FEduTE5xAot6nFA" xsi:type="uml:Parameter"><returnResult name="ReturnResult" publish:icon="1127417625.jpeg" publish:qualifiedname="architecture::journal::IAtomicStore::discardCommitters::ReturnResult" publish:type="void" publish:typeid="_hcgqEoqrEduD57FOfu5USw" xmi:id="_DFZ6IM2FEduTE5xAot6nFA" xsi:type="uml:Parameter"><returnResult name="ReturnResult" publish:icon="1127417625.jpeg" publish:qualifiedname="architecture::journal::IAtomicStore::setCommitter::ReturnResult" publish:type="void" publish:typeid="_hcgqEoqrEduD57FOfu5USw" xmi:id="_HL9f0c2FEduTE5xAot6nFA" xsi:type="uml:Parameter"/><ownedParameter name="index" publish:icon="54396635.jpeg" publish:qualifiedname="architecture::journal::IAtomicStore::setCommitter::index" publish:type="int" publish:typeid="_eerbcIq1EduD57FOfu5USw" xmi:id="_HL9f0M2FEduTE5xAot6nFA" xsi:type="uml:Parameter"><returnResult name="ReturnResult" publish:icon="1127417625.jpeg" publish:qualifiedname="architecture::journal::IAtomicStore::getRootAddr::ReturnResult" publish:type="long" publish:typeid="_TEqawYqrEduD57FOfu5USw" xmi:id="_UCqFcc2FEduTE5xAot6nFA" xsi:type="uml:Parameter"/><ownedParameter name="index" publish:icon="54396635.jpeg" publish:qualifiedname="architecture::journal::IAtomicStore::getRootAddr::index" publish:type="int" publish:typeid="_eerbcIq1EduD57FOfu5USw" xmi:id="_UCqFcM2FEduTE5xAot6nFA" xsi:type="uml:Parameter"><returnResult name="ReturnResult" publish:icon="1127417625.jpeg" publish:qualifiedname="architecture::journal::IAtomicStore::getRootBlockView::ReturnResult" publish:type="IRootBlockView" publish:typeid="_qUOikIq0EduD57FOfu5USw" xmi:id="_GlFvQM2UEdu-valOzsHUJQ" xsi:type="uml:Parameter"><returnResult name="ReturnResult" publish:icon="1127417625.jpeg" publish:qualifiedname="architecture::journal::IAtomicStore::getCommitRecord::ReturnResult" publish:type="ICommitRecord" publish:typeid="_oZHuoM2NEduTE5xAot6nFA" xmi:id="_KjwkQc2UEdu-valOzsHUJQ" xsi:type="uml:Parameter"/><ownedParameter name="timestamp" publish:icon="54396635.jpeg" publish:qualifiedname="architecture::journal::IAtomicStore::getCommitRecord::timestamp" publish:type="long" publish:typeid="_TEqawYqrEduD57FOfu5USw" xmi:id="_KjwkQM2UEdu-valOzsHUJQ" xsi:type="uml:Parameter"/></returnResult></ownedParameter></ownedParameter></returnResult></returnResult></returnResult></returnResult></lowerValue></lowerValue></ownedMember><ownedMember name="IRootBlockView" publish:icon="1640237.jpeg" publish:qualifiedname="architecture::journal::IRootBlockView" xmi:id="_qUOikIq0EduD57FOfu5USw" xsi:type="uml:Interface"><returnResult name="ReturnResult" publish:icon="1127417625.jpeg" publish:qualifiedname="architecture::journal::IRootBlockView::valid::ReturnResult" publish:type="void" publish:typeid="_hcgqEoqrEduD57FOfu5USw" xmi:id="_xq5tAIrnEduD57FOfu5USw" xsi:type="uml:Parameter"><returnResult name="ReturnResult" publish:icon="1127417625.jpeg" publish:qualifiedname="architecture::journal::IRootBlockView::getRootId::ReturnResult" publish:type="long" publish:typeid="_TEqawYqrEduD57FOfu5USw" xmi:id="_lgdwcYrnEduD57FOfu5USw" xsi:type="uml:Parameter"/><ownedParameter name="int index" publish:icon="54396635.jpeg" publish:qualifiedname="architecture::journal::IRootBlockView::getRootId::int index" xmi:id="_lgdwcIrnEduD57FOfu5USw" xsi:type="uml:Parameter"><returnResult name="ReturnResult" publish:icon="1127417625.jpeg" publish:qualifiedname="architecture::journal::IRootBlockView::isRootBlock0::ReturnResult" publish:type="boolean" publish:typeid="_RSWZgYq0EduD57FOfu5USw" xmi:id="_3SeZgIrnEduD57FOfu5USw" xsi:type="uml:Parameter"><returnResult name="ReturnResult" publish:icon="1127417625.jpeg" publish:qualifiedname="architecture::journal::IRootBlockView::getJournalId::ReturnResult" publish:type="UUID" publish:typeid="_9NQV4IrnEduD57FOfu5USw" xmi:id="_8amJ4IrnEduD57FOfu5USw" xsi:type="uml:Parameter"><returnResult name="ReturnResult" publish:icon="1127417625.jpeg" publish:qualifiedname="architecture::journal::IRootBlockView::getRootBlockTimestamp::ReturnResult" publish:type="long" publish:typeid="_TEqawYqrEduD57FOfu5USw" xmi:id="_B6Q3kIroEduD57FOfu5USw" xsi:type="uml:Parameter"><returnResult name="ReturnResult" publish:icon="1127417625.jpeg" publish:qualifiedname="architecture::journal::IRootBlockView::getCommitCounter::ReturnResult" publish:type="long" publish:typeid="_TEqawYqrEduD57FOfu5USw" xmi:id="_EnaaUIroEduD57FOfu5USw" xsi:type="uml:Parameter"><returnResult name="ReturnResult" publish:icon="1127417625.jpeg" publish:qualifiedname="architecture::journal::IRootBlockView::asReadOnlyBuffer::ReturnResult" publish:type="ByteBuffer" publish:typeid="_a_kRQYqqEduD57FOfu5USw" xmi:id="_M9xBQIroEduD57FOfu5USw" xsi:type="uml:Parameter"><returnResult name="ReturnResult" publish:icon="1127417625.jpeg" publish:qualifiedname="architecture::journal::IRootBlockView::getVersion::ReturnResult" publish:type="int" publish:typeid="_eerbcIq1EduD57FOfu5USw" xmi:id="_Bhu8YM2PEdu-valOzsHUJQ" xsi:type="uml:Parameter"><returnResult name="ReturnResult" publish:icon="1127417625.jpeg" publish:qualifiedname="architecture::journal::IRootBlockView::getNextOffset::ReturnResult" publish:type="int" publish:typeid="_eerbcIq1EduD57FOfu5USw" xmi:id="_DLiLwM2PEdu-valOzsHUJQ" xsi:type="uml:Parameter"><returnResult name="ReturnResult" publish:icon="1127417625.jpeg" publish:qualifiedname="architecture::journal::IRootBlockView::getFirstCommitTime::ReturnResult" publish:type="long" publish:typeid="_TEqawYqrEduD57FOfu5USw" xmi:id="_FNBiYM2PEdu-valOzsHUJQ" xsi:type="uml:Parameter"><returnResult name="ReturnResult" publish:icon="1127417625.jpeg" publish:qualifiedname="architecture::journal::IRootBlockView::getLastCommitTime::ReturnResult" publish:type="long" publish:typeid="_TEqawYqrEduD57FOfu5USw" xmi:id="_F54BUM2PEdu-valOzsHUJQ" xsi:type="uml:Parameter"><returnResult name="ReturnResult" publish:icon="1127417625.jpeg" publish:qualifiedname="architecture::journal::IRootBlockView::getCommitTimestamp::ReturnResult" publish:type="long" publish:typeid="_TEqawYqrEduD57FOfu5USw" xmi:id="_MZBPAM2PEdu-valOzsHUJQ" xsi:type="uml:Parameter"><returnResult name="ReturnResult" publish:icon="1127417625.jpeg" publish:qualifiedname="architecture::journal::IRootBlockView::getCommitRecordAddr::ReturnResult" publish:type="long" publish:typeid="_TEqawYqrEduD57FOfu5USw" xmi:id="_Qk8c4M2PEdu-valOzsHUJQ" xsi:type="uml:Parameter"><returnResult name="ReturnResult" publish:icon="1127417625.jpeg" publish:qualifiedname="architecture::journal::IRootBlockView::getCommitIndexAddr::ReturnResult" publish:type="long" publish:typeid="_TEqawYqrEduD57FOfu5USw" xmi:id="_Rio0MM2PEdu-valOzsHUJQ" xsi:type="uml:Parameter"/></returnResult></returnResult></returnResult></returnResult></returnResult></returnResult></returnResult></returnResult></returnResult></returnResult></returnResult></ownedParameter></returnResult></ownedMember><ownedMember name="Tx" publish:icon="29165423.jpeg" publish:qualifiedname="architecture::journal::Tx" xmi:id="_SF1wIIqtEduD57FOfu5USw" xsi:type="uml:Class"/><ownedMember name="DirectBufferStrategy" publish:icon="29165423.jpeg" publish:qualifiedname="architecture::journal::DirectBufferStrategy" xmi:id="_UhnWYIqqEduD57FOfu5USw" xsi:type="uml:Class"/><ownedMember name="DiskOnlyStrategy" publish:icon="29165423.jpeg" publish:qualifiedname="architecture::journal::DiskOnlyStrategy" xmi:id="_eXCjYIqqEduD57FOfu5USw" xsi:type="uml:Class"/><ownedMember name="Journal" publish:icon="29165423.jpeg" publish:qualifiedname="architecture::journal::Journal" xmi:id="_TPzwQIqqEduD57FOfu5USw" xsi:type="uml:Class"><implementation name="" publish:icon="1836759.jpeg" publish:qualifiedname="architecture::journal::Journal::&lt;Implementation>" xmi:id="_wGzwwIqqEduD57FOfu5USw" xsi:type="uml:Implementation"><mapping name="" publish:icon="16254927.jpeg" publish:qualifiedname="architecture::journal::Journal::&lt;Implementation>::&lt;OpaqueExpression>" xmi:id="_wGzwwYqqEduD57FOfu5USw" xsi:type="uml:OpaqueExpression"><upperValue name="" publish:icon="7669561.jpeg" publish:qualifiedname="architecture::journal::Journal::btree::&lt;LiteralUnlimitedNatural>" xmi:id="_cm7uVJIWEduWfNtJ0THKPQ" xsi:type="uml:LiteralUnlimitedNatural"/><lowerValue name="" publish:icon="32507827.jpeg" publish:qualifiedname="architecture::journal::Journal::btree::&lt;LiteralInteger>" xmi:id="_cm7uU5IWEduWfNtJ0THKPQ" xsi:type="uml:LiteralInteger"><upperValue name="" publish:icon="7669561.jpeg" publish:qualifiedname="architecture::journal::Journal::name2addr::&lt;LiteralUnlimitedNatural>" xmi:id="_xL6q5M2WEdutrbzDPceyvA" xsi:type="uml:LiteralUnlimitedNatural"/><lowerValue name="" publish:icon="32507827.jpeg" publish:qualifiedname="architecture::journal::Journal::name2addr::&lt;LiteralInteger>" xmi:id="_xL6q482WEdutrbzDPceyvA" xsi:type="uml:LiteralInteger"/></lowerValue></mapping></implementation></ownedMember><ownedMember name="TransientBufferStrategy" publish:icon="29165423.jpeg" publish:qualifiedname="architecture::journal::TransientBufferStrategy" xmi:id="_b2ZyoIqqEduD57FOfu5USw" xsi:type="uml:Class"/><ownedMember name="IBufferStrategy" publish:icon="1640237.jpeg" publish:qualifiedname="architecture::journal::IBufferStrategy" xmi:id="_KTJ-UIqqEduD57FOfu5USw" xsi:type="uml:Interface"><returnResult name="ReturnResult" publish:icon="1127417625.jpeg" publish:qualifiedname="architecture::journal::IBufferStrategy::writeRootBlock::ReturnResult" publish:type="void" publish:typeid="_hcgqEoqrEduD57FOfu5USw" xmi:id="_noiXwYsJEduD57FOfu5USw" xsi:type="uml:Parameter"/><ownedParameter name="rootBlock" publish:icon="54396635.jpeg" publish:qualifiedname="architecture::journal::IBufferStrategy::writeRootBlock::rootBlock" publish:type="IRootBlockView" publish:typeid="_qUOikIq0EduD57FOfu5USw" xmi:id="_noiXwIsJEduD57FOfu5USw" xsi:type="uml:Parameter"/><ownedParameter name="forceOnCommit" publish:icon="54396635.jpeg" publish:qualifiedname="architecture::journal::IBufferStrategy::writeRootBlock::forceOnCommit" publish:type="ForceEnum" publish:typeid="_1O-HEM2KEduTE5xAot6nFA" xmi:id="_8aOz4M2KEduTE5xAot6nFA" xsi:type="uml:Parameter"><returnResult name="ReturnResult" publish:icon="1127417625.jpeg" publish:qualifiedname="architecture::journal::IBufferStrategy::deleteFile::ReturnResult" publish:type="void" publish:typeid="_hcgqEoqrEduD57FOfu5USw" xmi:id="_TkrogIq0EduD57FOfu5USw" xsi:type="uml:Parameter"><returnResult name="ReturnResult" publish:icon="1127417625.jpeg" publish:qualifiedname="architecture::journal::IBufferStrategy::truncate::ReturnResult" publish:type="void" publish:typeid="_hcgqEoqrEduD57FOfu5USw" xmi:id="_I3hiQIq0EduD57FOfu5USw" xsi:type="uml:Parameter"/><ownedParameter name="extent" publish:icon="54396635.jpeg" publish:qualifiedname="architecture::journal::IBufferStrategy::truncate::extent" publish:type="long" publish:typeid="_TEqawYqrEduD57FOfu5USw" xmi:id="_MMddwIq0EduD57FOfu5USw" xsi:type="uml:Parameter"><returnResult name="ReturnResult" publish:icon="1127417625.jpeg" publish:qualifiedname="architecture::journal::IBufferStrategy::transferTo::ReturnResult" publish:type="long" publish:typeid="_TEqawYqrEduD57FOfu5USw" xmi:id="_AC_DQM2LEduTE5xAot6nFA" xsi:type="uml:Parameter"/><ownedParameter name="java.io.RandomAccessFile" publish:icon="54396635.jpeg" publish:qualifiedname="architecture::journal::IBufferStrategy::transferTo::java.io.RandomAccessFile" publish:type="out" publish:typeid="_DUyyQc2LEduTE5xAot6nFA" xmi:id="_DUyyQM2LEduTE5xAot6nFA" xsi:type="uml:Parameter"><returnResult name="ReturnResult" publish:icon="1127417625.jpeg" publish:qualifiedname="architecture::journal::IBufferStrategy::getUserExtent::ReturnResult" publish:type="long" publish:typeid="_TEqawYqrEduD57FOfu5USw" xmi:id="_IosU0M2LEduTE5xAot6nFA" xsi:type="uml:Parameter"><returnResult name="ReturnResult" publish:icon="1127417625.jpeg" publish:qualifiedname="architecture::journal::IBufferStrategy::getExtent::ReturnResult" publish:type="long" publish:typeid="_TEqawYqrEduD57FOfu5USw" xmi:id="_Jth18M2LEduTE5xAot6nFA" xsi:type="uml:Parameter"><returnResult name="ReturnResult" publish:icon="1127417625.jpeg" publish:qualifiedname="architecture::journal::IBufferStrategy::getInitialExtent::ReturnResult" publish:type="long" publish:typeid="_TEqawYqrEduD57FOfu5USw" xmi:id="_RK0G4M2LEduTE5xAot6nFA" xsi:type="uml:Parameter"><returnResult name="ReturnResult" publish:icon="1127417625.jpeg" publish:qualifiedname="architecture::journal::IBufferStrategy::getMaximumExtent::ReturnResult" publish:type="long" publish:typeid="_TEqawYqrEduD57FOfu5USw" xmi:id="_SWXUAM2LEduTE5xAot6nFA" xsi:type="uml:Parameter"><returnResult name="ReturnResult" publish:icon="1127417625.jpeg" publish:qualifiedname="architecture::journal::IBufferStrategy::getNextOffset::ReturnResult" publish:type="int" publish:typeid="_eerbcIq1EduD57FOfu5USw" xmi:id="_T4aVkM2LEduTE5xAot6nFA" xsi:type="uml:Parameter"><returnResult name="ReturnResult" publish:icon="1127417625.jpeg" publish:qualifiedname="architecture::journal::IBufferStrategy::getBufferMode::ReturnResult" publish:type="BufferMode" publish:typeid="_UlalgM2LEduTE5xAot6nFA" xmi:id="_a1zlgM2LEduTE5xAot6nFA" xsi:type="uml:Parameter"/></returnResult></returnResult></returnResult></returnResult></returnResult></ownedParameter></ownedParameter></returnResult></ownedParameter></ownedMember><ownedMember name="IStore" publish:icon="1640237.jpeg" publish:qualifiedname="architecture::journal::IStore" xmi:id="_3z6w8IqrEduD57FOfu5USw" xsi:type="uml:Interface"><returnResult name="ReturnResult" publish:icon="1127417625.jpeg" publish:qualifiedname="architecture::journal::IStore::getIndex::ReturnResult" publish:type="IIndex" publish:typeid="_0cxWcM18EduTE5xAot6nFA" xmi:id="_OpXcsYrCEduD57FOfu5USw" xsi:type="uml:Parameter"/><ownedParameter name="name" publish:icon="54396635.jpeg" publish:qualifiedname="architecture::journal::IStore::getIndex::name" publish:type="String" xmi:id="_OpXcsIrCEduD57FOfu5USw" xsi:type="uml:Parameter"/></ownedMember><ownedMember name="ITx" publish:icon="1640237.jpeg" publish:qualifiedname="architecture::journal::ITx" xmi:id="_MJnwsIqqEduD57FOfu5USw" xsi:type="uml:Interface"><returnResult name="ReturnResult" publish:icon="1127417625.jpeg" publish:qualifiedname="architecture::journal::ITx::prepare::ReturnResult" publish:type="void" publish:typeid="_hcgqEoqrEduD57FOfu5USw" xmi:id="_3gTmgIqtEduD57FOfu5USw" xsi:type="uml:Parameter"/><ownedParameter name="commitTime" publish:icon="54396635.jpeg" publish:qualifiedname="architecture::journal::ITx::prepare::commitTime" publish:type="long" publish:typeid="_TEqawYqrEduD57FOfu5USw" xmi:id="_OiA1cM2HEduTE5xAot6nFA" xsi:type="uml:Parameter"><returnResult name="ReturnResult" publish:icon="1127417625.jpeg" publish:qualifiedname="architecture::journal::ITx::commit::ReturnResult" publish:type="long" publish:typeid="_TEqawYqrEduD57FOfu5USw" xmi:id="_4_YMkIqtEduD57FOfu5USw" xsi:type="uml:Parameter"><returnResult name="ReturnResult" publish:icon="1127417625.jpeg" publish:qualifiedname="architecture::journal::ITx::abort::ReturnResult" publish:type="void" publish:typeid="_hcgqEoqrEduD57FOfu5USw" xmi:id="_5yMJkIqtEduD57FOfu5USw" xsi:type="uml:Parameter"><returnResult name="ReturnResult" publish:icon="1127417625.jpeg" publish:qualifiedname="architecture::journal::ITx::getStartTimestamp::ReturnResult" publish:type="long" publish:typeid="_TEqawYqrEduD57FOfu5USw" xmi:id="_KLgvQM2HEduTE5xAot6nFA" xsi:type="uml:Parameter"><returnResult name="ReturnResult" publish:icon="1127417625.jpeg" publish:qualifiedname="architecture::journal::ITx::getCommitTimestamp::ReturnResult" publish:type="long" publish:typeid="_TEqawYqrEduD57FOfu5USw" xmi:id="_LNE58M2HEduTE5xAot6nFA" xsi:type="uml:Parameter"><returnResult name="ReturnResult" publish:icon="1127417625.jpeg" publish:qualifiedname="architecture::journal::ITx::isReadOnly::ReturnResult" publish:type="boolean" publish:typeid="_RSWZgYq0EduD57FOfu5USw" xmi:id="_SnYIUM2HEduTE5xAot6nFA" xsi:type="uml:Parameter"><returnResult name="ReturnResult" publish:icon="1127417625.jpeg" publish:qualifiedname="architecture::journal::ITx::isActive::ReturnResult" publish:type="boolean" publish:typeid="_RSWZgYq0EduD57FOfu5USw" xmi:id="_T0teIM2HEduTE5xAot6nFA" xsi:type="uml:Parameter"><returnResult name="ReturnResult" publish:icon="1127417625.jpeg" publish:qualifiedname="architecture::journal::ITx::isPrepared::ReturnResult" publish:type="boolean" publish:typeid="_RSWZgYq0EduD57FOfu5USw" xmi:id="_Vofv8M2HEduTE5xAot6nFA" xsi:type="uml:Parameter"><returnResult name="ReturnResult" publish:icon="1127417625.jpeg" publish:qualifiedname="architecture::journal::ITx::isComplete::ReturnResult" publish:type="boolean" publish:typeid="_RSWZgYq0EduD57FOfu5USw" xmi:id="_WTQkMM2HEduTE5xAot6nFA" xsi:type="uml:Parameter"><returnResult name="ReturnResult" publish:icon="1127417625.jpeg" publish:qualifiedname="architecture::journal::ITx::isCommitted::ReturnResult" publish:type="boolean" publish:typeid="_RSWZgYq0EduD57FOfu5USw" xmi:id="_YNAUEM2HEduTE5xAot6nFA" xsi:type="uml:Parameter"><returnResult name="ReturnResult" publish:icon="1127417625.jpeg" publish:qualifiedname="architecture::journal::ITx::isAborted::ReturnResult" publish:type="boolean" publish:typeid="_RSWZgYq0EduD57FOfu5USw" xmi:id="_Yzvj8M2HEduTE5xAot6nFA" xsi:type="uml:Parameter"/></returnResult></returnResult></returnResult></returnResult></returnResult></returnResult></returnResult></returnResult></returnResult></ownedParameter></ownedMember><ownedMember name="" publish:icon="1509185.jpeg" publish:qualifiedname="architecture::journal::&lt;Usage>" xmi:id="_B5tmIIq1EduD57FOfu5USw" xsi:type="uml:Usage"/><ownedMember name="btree-by-name" publish:icon="853711.jpeg" publish:qualifiedname="architecture::journal::btree-by-name" xmi:id="_cm7uUJIWEduWfNtJ0THKPQ" xsi:type="uml:Association"/><ownedMember name="" publish:icon="1509185.jpeg" publish:qualifiedname="architecture::journal::&lt;Usage>" xmi:id="_xMipwIqqEduD57FOfu5USw" xsi:type="uml:Usage"/><ownedMember name="ICommitter" publish:icon="1640237.jpeg" publish:qualifiedname="architecture::journal::ICommitter" xmi:id="_J3n00M2FEduTE5xAot6nFA" xsi:type="uml:Interface"><returnResult name="ReturnResult" publish:icon="1127417625.jpeg" publish:qualifiedname="architecture::journal::ICommitter::handleCommit::ReturnResult" publish:type="long" publish:typeid="_TEqawYqrEduD57FOfu5USw" xmi:id="_Lvul8M2FEduTE5xAot6nFA" xsi:type="uml:Parameter"/></ownedMember><ownedMember name="IMROW" publish:icon="1640237.jpeg" publish:qualifiedname="architecture::journal::IMROW" xmi:id="_XZO_sM2FEduTE5xAot6nFA" xsi:type="uml:Interface"/><ownedMember name="" publish:icon="853711.jpeg" publish:qualifiedname="architecture::journal::&lt;Association>" xmi:id="_59xpUIq_EduD57FOfu5USw" xsi:type="uml:Association"/><ownedMember name="IIndexManager" publish:icon="1640237.jpeg" publish:qualifiedname="architecture::journal::IIndexManager" xmi:id="_HrvWoM2GEduTE5xAot6nFA" xsi:type="uml:Interface"><returnResult name="ReturnResult" publish:icon="1127417625.jpeg" publish:qualifiedname="architecture::journal::IIndexManager::dropIndex::ReturnResult" publish:type="void" publish:typeid="_hcgqEoqrEduD57FOfu5USw" xmi:id="_TdcDEc2GEduTE5xAot6nFA" xsi:type="uml:Parameter"/><ownedParameter name="name" publish:icon="54396635.jpeg" publish:qualifiedname="architecture::journal::IIndexManager::dropIndex::name" publish:type="String" xmi:id="_TdcDEM2GEduTE5xAot6nFA" xsi:type="uml:Parameter"><returnResult name="ReturnResult" publish:icon="1127417625.jpeg" publish:qualifiedname="architecture::journal::IIndexManager::registerIndex::ReturnResult" xmi:id="_k4F7Ec2REdu-valOzsHUJQ" xsi:type="uml:Parameter"/><ownedParameter name="name" publish:icon="54396635.jpeg" publish:qualifiedname="architecture::journal::IIndexManager::registerIndex::name" publish:type="String" xmi:id="_k4F7EM2REdu-valOzsHUJQ" xsi:type="uml:Parameter"><returnResult name="ReturnResult" publish:icon="1127417625.jpeg" publish:qualifiedname="architecture::journal::IIndexManager::registerIndex::ReturnResult" xmi:id="_-rpdwYqrEduD57FOfu5USw" xsi:type="uml:Parameter"/><ownedParameter name="name" publish:icon="54396635.jpeg" publish:qualifiedname="architecture::journal::IIndexManager::registerIndex::name" publish:type="String" xmi:id="_-rpdwIqrEduD57FOfu5USw" xsi:type="uml:Parameter"/><ownedParameter name="btree" publish:icon="54396635.jpeg" publish:qualifiedname="architecture::journal::IIndexManager::registerIndex::btree" publish:type="IIndex" publish:typeid="_0cxWcM18EduTE5xAot6nFA" xmi:id="_Km00UIrCEduD57FOfu5USw" xsi:type="uml:Parameter"/></ownedParameter></ownedParameter></ownedMember><ownedMember name="ITimestampService" publish:icon="1640237.jpeg" publish:qualifiedname="architecture::journal::ITimestampService" xmi:id="_bymXMM2GEduTE5xAot6nFA" xsi:type="uml:Interface"><returnResult name="ReturnResult" publish:icon="1127417625.jpeg" publish:qualifiedname="architecture::journal::ITimestampService::nextTimestamp::ReturnResult" publish:type="long" publish:typeid="_TEqawYqrEduD57FOfu5USw" xmi:id="_d9LYYM2GEduTE5xAot6nFA" xsi:type="uml:Parameter"/></ownedMember><ownedMember name="ITransactionManager" publish:icon="1640237.jpeg" publish:qualifiedname="architecture::journal::ITransactionManager" xmi:id="_e1NMkM2GEduTE5xAot6nFA" xsi:type="uml:Interface"><returnResult name="ReturnResult" publish:icon="1127417625.jpeg" publish:qualifiedname="architecture::journal::ITransactionManager::newTx::ReturnResult" publish:type="long" publish:typeid="_TEqawYqrEduD57FOfu5USw" xmi:id="_qbIt4c2GEduTE5xAot6nFA" xsi:type="uml:Parameter"/><ownedParameter name="level" publish:icon="54396635.jpeg" publish:qualifiedname="architecture::journal::ITransactionManager::newTx::level" publish:type="IsolationEnum" publish:typeid="_hx3K8M2GEduTE5xAot6nFA" xmi:id="_qbIt4M2GEduTE5xAot6nFA" xsi:type="uml:Parameter"><returnResult name="ReturnResult" publish:icon="1127417625.jpeg" publish:qualifiedname="architecture::journal::ITransactionManager::getIndex::ReturnResult" xmi:id="_wggJoc2GEduTE5xAot6nFA" xsi:type="uml:Parameter"/><ownedParameter name="name" publish:icon="54396635.jpeg" publish:qualifiedname="architecture::journal::ITransactionManager::getIndex::name" publish:type="String" xmi:id="_wggJoM2GEduTE5xAot6nFA" xsi:type="uml:Parameter"/><ownedParameter name="startTime" publish:icon="54396635.jpeg" publish:qualifiedname="architecture::journal::ITransactionManager::getIndex::startTime" publish:type="long" publish:typeid="_TEqawYqrEduD57FOfu5USw" xmi:id="_yYKO0M2GEduTE5xAot6nFA" xsi:type="uml:Parameter"><returnResult name="ReturnResult" publish:icon="1127417625.jpeg" publish:qualifiedname="architecture::journal::ITransactionManager::abort::ReturnResult" publish:type="void" publish:typeid="_hcgqEoqrEduD57FOfu5USw" xmi:id="_0M_Ccc2GEduTE5xAot6nFA" xsi:type="uml:Parameter"/><ownedParameter name="startTime" publish:icon="54396635.jpeg" publish:qualifiedname="architecture::journal::ITransactionManager::abort::startTime" publish:type="long" publish:typeid="_TEqawYqrEduD57FOfu5USw" xmi:id="_0M_CcM2GEduTE5xAot6nFA" xsi:type="uml:Parameter"><returnResult name="ReturnResult" publish:icon="1127417625.jpeg" publish:qualifiedname="architecture::journal::ITransactionManager::commit::ReturnResult" publish:type="long" publish:typeid="_TEqawYqrEduD57FOfu5USw" xmi:id="_2cVO4c2GEduTE5xAot6nFA" xsi:type="uml:Parameter"/><ownedParameter name="startTime" publish:icon="54396635.jpeg" publish:qualifiedname="architecture::journal::ITransactionManager::commit::startTime" publish:type="long" publish:typeid="_TEqawYqrEduD57FOfu5USw" xmi:id="_2cVO4M2GEduTE5xAot6nFA" xsi:type="uml:Parameter"/></ownedParameter></ownedParameter></ownedParameter></ownedMember><ownedMember name="IsolationEnum" publish:icon="460247.jpeg" publish:qualifiedname="architecture::journal::IsolationEnum" xmi:id="_hx3K8M2GEduTE5xAot6nFA" xsi:type="uml:Enumeration"><ownedLiteral name="ReadCommitted" publish:icon="46335437.jpeg" publish:qualifiedname="architecture::journal::IsolationEnum::ReadCommitted" xmi:id="_lPcFEM2GEduTE5xAot6nFA" xsi:type="uml:EnumerationLiteral"><specification name="" publish:icon="16254927.jpeg" publish:qualifiedname="architecture::journal::IsolationEnum::ReadCommitted::&lt;OpaqueExpression>" xmi:id="_mBgbMM2GEduTE5xAot6nFA" xsi:type="uml:OpaqueExpression"/></ownedLiteral><ownedLiteral name="ReadOnly" publish:icon="46335437.jpeg" publish:qualifiedname="architecture::journal::IsolationEnum::ReadOnly" xmi:id="_mJG4AM2GEduTE5xAot6nFA" xsi:type="uml:EnumerationLiteral"><specification name="" publish:icon="16254927.jpeg" publish:qualifiedname="architecture::journal::IsolationEnum::ReadOnly::&lt;OpaqueExpression>" xmi:id="_mgDYYM2GEduTE5xAot6nFA" xsi:type="uml:OpaqueExpression"/></ownedLiteral><ownedLiteral name="ReadWrite" publish:icon="46335437.jpeg" publish:qualifiedname="architecture::journal::IsolationEnum::ReadWrite" xmi:id="_mhZcMM2GEduTE5xAot6nFA" xsi:type="uml:EnumerationLiteral"><specification name="" publish:icon="16254927.jpeg" publish:qualifiedname="architecture::journal::IsolationEnum::ReadWrite::&lt;OpaqueExpression>" xmi:id="_m22u0M2GEduTE5xAot6nFA" xsi:type="uml:OpaqueExpression"/></ownedLiteral></ownedMember><ownedMember name="RunState" publish:icon="460247.jpeg" publish:qualifiedname="architecture::journal::RunState" xmi:id="_oobksM2HEduTE5xAot6nFA" xsi:type="uml:Enumeration"><ownedLiteral name="Active" publish:icon="46335437.jpeg" publish:qualifiedname="architecture::journal::RunState::Active" xmi:id="_qJlOYM2HEduTE5xAot6nFA" xsi:type="uml:EnumerationLiteral"><specification name="" publish:icon="16254927.jpeg" publish:qualifiedname="architecture::journal::RunState::Active::&lt;OpaqueExpression>" xmi:id="_q0DuwM2HEduTE5xAot6nFA" xsi:type="uml:OpaqueExpression"/></ownedLiteral><ownedLiteral name="Prepared" publish:icon="46335437.jpeg" publish:qualifiedname="architecture::journal::RunState::Prepared" xmi:id="_q1ZLgM2HEduTE5xAot6nFA" xsi:type="uml:EnumerationLiteral"><specification name="" publish:icon="16254927.jpeg" publish:qualifiedname="architecture::journal::RunState::Prepared::&lt;OpaqueExpression>" xmi:id="_rL5nAM2HEduTE5xAot6nFA" xsi:type="uml:OpaqueExpression"/></ownedLiteral><ownedLiteral name="Committed" publish:icon="46335437.jpeg" publish:qualifiedname="architecture::journal::RunState::Committed" xmi:id="_rM8I0M2HEduTE5xAot6nFA" xsi:type="uml:EnumerationLiteral"><specification name="" publish:icon="16254927.jpeg" publish:qualifiedname="architecture::journal::RunState::Committed::&lt;OpaqueExpression>" xmi:id="_rfkJ4M2HEduTE5xAot6nFA" xsi:type="uml:OpaqueExpression"/></ownedLiteral><ownedLiteral name="Aborted" publish:icon="46335437.jpeg" publish:qualifiedname="architecture::journal::RunState::Aborted" xmi:id="_rgmrsM2HEduTE5xAot6nFA" xsi:type="uml:EnumerationLiteral"><specification name="" publish:icon="16254927.jpeg" publish:qualifiedname="architecture::journal::RunState::Aborted::&lt;OpaqueExpression>" xmi:id="_r0R1oM2HEduTE5xAot6nFA" xsi:type="uml:OpaqueExpression"/></ownedLiteral></ownedMember><ownedMember name="AbstractTx" publish:icon="29165423.jpeg" publish:qualifiedname="architecture::journal::AbstractTx" xmi:id="_43MSUM2HEduTE5xAot6nFA" xsi:type="uml:Class"><implementation name="" publish:icon="1836759.jpeg" publish:qualifiedname="architecture::journal::AbstractTx::&lt;Implementation>" xmi:id="_7LTqAM2HEduTE5xAot6nFA" xsi:type="uml:Implementation"><mapping name="" publish:icon="16254927.jpeg" publish:qualifiedname="architecture::journal::AbstractTx::&lt;Implementation>::&lt;OpaqueExpression>" xmi:id="_7LTqAc2HEduTE5xAot6nFA" xsi:type="uml:OpaqueExpression"/></implementation></ownedMember><ownedMember name="ReadCommittedTx" publish:icon="29165423.jpeg" publish:qualifiedname="architecture::journal::ReadCommittedTx" xmi:id="_Dl-wQM2IEduTE5xAot6nFA" xsi:type="uml:Class"/><ownedMember name="IJournal" publish:icon="1640237.jpeg" publish:qualifiedname="architecture::journal::IJournal" xmi:id="_p0wYcM2IEduTE5xAot6nFA" xsi:type="uml:Interface"><returnResult name="ReturnResult" publish:icon="1127417625.jpeg" publish:qualifiedname="architecture::journal::IJournal::getIndex::ReturnResult" xmi:id="_TjF2ws2UEdu-valOzsHUJQ" xsi:type="uml:Parameter"/><ownedParameter name="name" publish:icon="54396635.jpeg" publish:qualifiedname="architecture::journal::IJournal::getIndex::name" publish:type="String" xmi:id="_TjF2wM2UEdu-valOzsHUJQ" xsi:type="uml:Parameter"/><ownedParameter name="startTime" publish:icon="54396635.jpeg" publish:qualifiedname="architecture::journal::IJournal::getIndex::startTime" publish:type="long" publish:typeid="_TEqawYqrEduD57FOfu5USw" xmi:id="_TjF2wc2UEdu-valOzsHUJQ" xsi:type="uml:Parameter"/></ownedMember><ownedMember name="" publish:icon="853711.jpeg" publish:qualifiedname="architecture::journal::&lt;Association>" xmi:id="_4rAbAM2IEduTE5xAot6nFA" xsi:type="uml:Association"/><ownedMember name="TemporaryRawStore" publish:icon="29165423.jpeg" publish:qualifiedname="architecture::journal::TemporaryRawStore" xmi:id="_5EXgwM2JEduTE5xAot6nFA" xsi:type="uml:Class"><implementation name="" publish:icon="1836759.jpeg" publish:qualifiedname="architecture::journal::TemporaryRawStore::&lt;Implementation>" xmi:id="_84AKcM2JEduTE5xAot6nFA" xsi:type="uml:Implementation"><mapping name="" publish:icon="16254927.jpeg" publish:qualifiedname="architecture::journal::TemporaryRawStore::&lt;Implementation>::&lt;OpaqueExpression>" xmi:id="_84AKcc2JEduTE5xAot6nFA" xsi:type="uml:OpaqueExpression"/></implementation></ownedMember><ownedMember name="TemporaryStore" publish:icon="29165423.jpeg" publish:qualifiedname="architecture::journal::TemporaryStore" xmi:id="_5KCD4M2JEduTE5xAot6nFA" xsi:type="uml:Class"><implementation name="" publish:icon="1836759.jpeg" publish:qualifiedname="architecture::journal::TemporaryStore::&lt;Implementation>" xmi:id="_-N-e4M2JEduTE5xAot6nFA" xsi:type="uml:Implementation"><mapping name="" publish:icon="16254927.jpeg" publish:qualifiedname="architecture::journal::TemporaryStore::&lt;Implementation>::&lt;OpaqueExpression>" xmi:id="_-N-e4c2JEduTE5xAot6nFA" xsi:type="uml:OpaqueExpression"/></implementation></ownedMember><ownedMember name="" publish:icon="1509185.jpeg" publish:qualifiedname="architecture::journal::&lt;Usage>" xmi:id="_RIQXkM2KEduTE5xAot6nFA" xsi:type="uml:Usage"/><ownedMember name="ForceEnum" publish:icon="460247.jpeg" publish:qualifiedname="architecture::journal::ForceEnum" xmi:id="_1O-HEM2KEduTE5xAot6nFA" xsi:type="uml:Enumeration"><ownedLiteral name="No" publish:icon="46335437.jpeg" publish:qualifiedname="architecture::journal::ForceEnum::No" xmi:id="_4MqnQM2KEduTE5xAot6nFA" xsi:type="uml:EnumerationLiteral"><specification name="" publish:icon="16254927.jpeg" publish:qualifiedname="architecture::journal::ForceEnum::No::&lt;OpaqueExpression>" xmi:id="_4X_tgM2KEduTE5xAot6nFA" xsi:type="uml:OpaqueExpression"/></ownedLiteral><ownedLiteral name="Force" publish:icon="46335437.jpeg" publish:qualifiedname="architecture::journal::ForceEnum::Force" xmi:id="_4kWugM2KEduTE5xAot6nFA" xsi:type="uml:EnumerationLiteral"><specification name="" publish:icon="16254927.jpeg" publish:qualifiedname="architecture::journal::ForceEnum::Force::&lt;OpaqueExpression>" xmi:id="_43bbgM2KEduTE5xAot6nFA" xsi:type="uml:OpaqueExpression"/></ownedLiteral><ownedLiteral name="ForceMetadata" publish:icon="46335437.jpeg" publish:qualifiedname="architecture::journal::ForceEnum::ForceMetadata" xmi:id="_44ekYM2KEduTE5xAot6nFA" xsi:type="uml:EnumerationLiteral"><specification name="" publish:icon="16254927.jpeg" publish:qualifiedname="architecture::journal::ForceEnum::ForceMetadata::&lt;OpaqueExpression>" xmi:id="_6XPocM2KEduTE5xAot6nFA" xsi:type="uml:OpaqueExpression"/></ownedLiteral></ownedMember><ownedMember name="BufferMode" publish:icon="460247.jpeg" publish:qualifiedname="architecture::journal::BufferMode" xmi:id="_UlalgM2LEduTE5xAot6nFA" xsi:type="uml:Enumeration"><ownedLiteral name="Transient" publish:icon="46335437.jpeg" publish:qualifiedname="architecture::journal::BufferMode::Transient" xmi:id="_Wvi6wM2LEduTE5xAot6nFA" xsi:type="uml:EnumerationLiteral"><specification name="" publish:icon="16254927.jpeg" publish:qualifiedname="architecture::journal::BufferMode::Transient::&lt;OpaqueExpression>" xmi:id="_XYrXUM2LEduTE5xAot6nFA" xsi:type="uml:OpaqueExpression"/></ownedLiteral><ownedLiteral name="Direct" publish:icon="46335437.jpeg" publish:qualifiedname="architecture::journal::BufferMode::Direct" xmi:id="_XoBa4M2LEduTE5xAot6nFA" xsi:type="uml:EnumerationLiteral"><specification name="" publish:icon="16254927.jpeg" publish:qualifiedname="architecture::journal::BufferMode::Direct::&lt;OpaqueExpression>" xmi:id="_YDTBoM2LEduTE5xAot6nFA" xsi:type="uml:OpaqueExpression"/></ownedLiteral><ownedLiteral name="Mapped" publish:icon="46335437.jpeg" publish:qualifiedname="architecture::journal::BufferMode::Mapped" xmi:id="_YEoeYM2LEduTE5xAot6nFA" xsi:type="uml:EnumerationLiteral"><specification name="" publish:icon="16254927.jpeg" publish:qualifiedname="architecture::journal::BufferMode::Mapped::&lt;OpaqueExpression>" xmi:id="_YYmjQM2LEduTE5xAot6nFA" xsi:type="uml:OpaqueExpression"/></ownedLiteral><ownedLiteral name="Disk" publish:icon="46335437.jpeg" publish:qualifiedname="architecture::journal::BufferMode::Disk" xmi:id="_YaFxAM2LEduTE5xAot6nFA" xsi:type="uml:EnumerationLiteral"><specification name="" publish:icon="16254927.jpeg" publish:qualifiedname="architecture::journal::BufferMode::Disk::&lt;OpaqueExpression>" xmi:id="_YkrQYM2LEduTE5xAot6nFA" xsi:type="uml:OpaqueExpression"/></ownedLiteral></ownedMember><ownedMember name="MappedBufferStrategy" publish:icon="29165423.jpeg" publish:qualifiedname="architecture::journal::MappedBufferStrategy" xmi:id="_cVLGgM2LEduTE5xAot6nFA" xsi:type="uml:Class"/><ownedMember name="AbstractBufferStrategy" publish:icon="29165423.jpeg" publish:qualifiedname="architecture::journal::AbstractBufferStrategy" xmi:id="_gfw3oM2LEduTE5xAot6nFA" xsi:type="uml:Class"><implementation name="" publish:icon="1836759.jpeg" publish:qualifiedname="architecture::journal::AbstractBufferStrategy::&lt;Implementation>" xmi:id="_iekGoM2LEduTE5xAot6nFA" xsi:type="uml:Implementation"><mapping name="" publish:icon="16254927.jpeg" publish:qualifiedname="architecture::journal::AbstractBufferStrategy::&lt;Implementation>::&lt;OpaqueExpression>" xmi:id="_iekGoc2LEduTE5xAot6nFA" xsi:type="uml:OpaqueExpression"/></implementation></ownedMember><ownedMember name="BasicBufferStrategy" publish:icon="29165423.jpeg" publish:qualifiedname="architecture::journal::BasicBufferStrategy" xmi:id="_kHLDMM2LEduTE5xAot6nFA" xsi:type="uml:Class"/><ownedMember name="DiskBackedBufferStrategy" publish:icon="29165423.jpeg" publish:qualifiedname="architecture::journal::DiskBackedBufferStrategy" xmi:id="_qz4LwM2LEduTE5xAot6nFA" xsi:type="uml:Class"/><ownedMember name="ICommitRecord" publish:icon="1640237.jpeg" publish:qualifiedname="architecture::journal::ICommitRecord" xmi:id="_oZHuoM2NEduTE5xAot6nFA" xsi:type="uml:Interface"><returnResult name="ReturnResult" publish:icon="1127417625.jpeg" publish:qualifiedname="architecture::journal::ICommitRecord::getTimestamp::ReturnResult" publish:type="long" publish:typeid="_TEqawYqrEduD57FOfu5USw" xmi:id="_f24LUM2OEdu-valOzsHUJQ" xsi:type="uml:Parameter"><returnResult name="ReturnResult" publish:icon="1127417625.jpeg" publish:qualifiedname="architecture::journal::ICommitRecord::getCommitCounter::ReturnResult" publish:type="long" publish:typeid="_TEqawYqrEduD57FOfu5USw" xmi:id="_hW_TMM2OEdu-valOzsHUJQ" xsi:type="uml:Parameter"><returnResult name="ReturnResult" publish:icon="1127417625.jpeg" publish:qualifiedname="architecture::journal::ICommitRecord::getRootAddrCount::ReturnResult" publish:type="int" publish:typeid="_eerbcIq1EduD57FOfu5USw" xmi:id="_ivWNQM2OEdu-valOzsHUJQ" xsi:type="uml:Parameter"><returnResult name="ReturnResult" publish:icon="1127417625.jpeg" publish:qualifiedname="architecture::journal::ICommitRecord::getRootAddr::ReturnResult" publish:type="long" publish:typeid="_TEqawYqrEduD57FOfu5USw" xmi:id="_kScXsc2OEdu-valOzsHUJQ" xsi:type="uml:Parameter"/><ownedParameter name="index" publish:icon="54396635.jpeg" publish:qualifiedname="architecture::journal::ICommitRecord::getRootAddr::index" publish:type="int" publish:typeid="_eerbcIq1EduD57FOfu5USw" xmi:id="_kScXsM2OEdu-valOzsHUJQ" xsi:type="uml:Parameter"/></returnResult></returnResult></returnResult></ownedMember><ownedMember name="CommitRecordIndex" publish:icon="29165423.jpeg" publish:qualifiedname="architecture::journal::CommitRecordIndex" xmi:id="_42e48M2NEduTE5xAot6nFA" xsi:type="uml:Class"><upperValue name="" publish:icon="7669561.jpeg" publish:qualifiedname="architecture::journal::CommitRecordIndex::commitRecordAddr::&lt;LiteralUnlimitedNatural>" xmi:id="_tdlcJM2PEdu-valOzsHUJQ" xsi:type="uml:LiteralUnlimitedNatural"/><lowerValue name="" publish:icon="32507827.jpeg" publish:qualifiedname="architecture::journal::CommitRecordIndex::commitRecordAddr::&lt;LiteralInteger>" xmi:id="_tdlcI82PEdu-valOzsHUJQ" xsi:type="uml:LiteralInteger"/></ownedMember><ownedMember name="" publish:icon="853711.jpeg" publish:qualifiedname="architecture::journal::&lt;Association>" xmi:id="_tdlcIM2PEdu-valOzsHUJQ" xsi:type="uml:Association"/><ownedMember name="Name2Addr" publish:icon="29165423.jpeg" publish:qualifiedname="architecture::journal::Name2Addr" xmi:id="_vU3CoM2WEdutrbzDPceyvA" xsi:type="uml:Class"><upperValue name="" publish:icon="7669561.jpeg" publish:qualifiedname="architecture::journal::Name2Addr::iindex::&lt;LiteralUnlimitedNatural>" xmi:id="_6Ei4cc2WEdutrbzDPceyvA" xsi:type="uml:LiteralUnlimitedNatural"/><lowerValue name="" publish:icon="32507827.jpeg" publish:qualifiedname="architecture::journal::Name2Addr::iindex::&lt;LiteralInteger>" xmi:id="_6Ei4cM2WEdutrbzDPceyvA" xsi:type="uml:LiteralInteger"/></ownedMember><ownedMember name="" publish:icon="1640379.jpeg" publish:qualifiedname="architecture::journal::&lt;Association>" xmi:id="_xL6q4M2WEdutrbzDPceyvA" xsi:type="uml:Association"/></ownedMember>