<?xml version="1.0" encoding="UTF-8"?>
<ownedMember name="rawstore" publish:icon="848955375.jpeg" publish:modelname="architecture" publish:qualifiedname="architecture::rawstore" publish:toplevelguid="_EWlSMIqqEduD57FOfu5USw" xmi:id="_enhSsM2CEduTE5xAot6nFA" xmi:version="2.0" xmlns:com.ibm.xtools.notation="http:///com/ibm/xtools/notation.ecore" xmlns:publish="http://www.ibm.com/Rational/XTools/Publish" xmlns:uml="http://www.eclipse.org/uml2/1.0.0/UML" xmlns:xmi="http://www.omg.org/XMI" xmlns:xsi="http://www.w3.org/2001/XMLSchema-instance" xsi:type="uml:Package"><contents Type="Class" name="Main" publish:icon="17368741.jpeg" publish:imageType="JPEG" publish:qualifiedname="architecture::rawstore::Main" xmi:id="_jxSo4M2CEduTE5xAot6nFA" xsi:type="notation:Diagram"><publish:partInfo name="Atomic Store" publish:partLowerX="436" publish:partLowerY="314" publish:partUpperX="335" publish:partUpperY="274" xmi:id="_joJMkM2FEduTE5xAot6nFA"/><publish:partInfo name="IRawStore" publish:partLowerX="263" publish:partLowerY="328" publish:partUpperX="10" publish:partUpperY="118" xmi:id="_I0-wIIqqEduD57FOfu5USw"/></contents><ownedMember name="IRawStore" publish:icon="1640237.jpeg" publish:qualifiedname="architecture::rawstore::IRawStore" xmi:id="_I0-wIIqqEduD57FOfu5USw" xsi:type="uml:Interface"><returnResult name="ReturnResult" publish:icon="1127417625.jpeg" publish:qualifiedname="architecture::rawstore::IRawStore::read::ReturnResult" publish:type="ByteBuffer" publish:typeid="_a_kRQYqqEduD57FOfu5USw" xmi:id="_nIOFIoqqEduD57FOfu5USw" xsi:type="uml:Parameter"/><ownedParameter name="long" publish:icon="54396635.jpeg" publish:qualifiedname="architecture::rawstore::IRawStore::read::long" xmi:id="_nIOFIIqqEduD57FOfu5USw" xsi:type="uml:Parameter"><returnResult name="ReturnResult" publish:icon="1127417625.jpeg" publish:qualifiedname="architecture::rawstore::IRawStore::write::ReturnResult" publish:type="long" publish:typeid="_TEqawYqrEduD57FOfu5USw" xmi:id="_TEqawIqrEduD57FOfu5USw" xsi:type="uml:Parameter"/><ownedParameter name="data" publish:icon="54396635.jpeg" publish:qualifiedname="architecture::rawstore::IRawStore::write::data" publish:type="ByteBuffer" publish:typeid="_a_kRQYqqEduD57FOfu5USw" xmi:id="_oCet8YqqEduD57FOfu5USw" xsi:type="uml:Parameter"><returnResult name="ReturnResult" publish:icon="1127417625.jpeg" publish:qualifiedname="architecture::rawstore::IRawStore::isOpen::ReturnResult" publish:type="boolean" publish:typeid="_RSWZgYq0EduD57FOfu5USw" xmi:id="_L9TK8Iq1EduD57FOfu5USw" xsi:type="uml:Parameter"><returnResult name="ReturnResult" publish:icon="1127417625.jpeg" publish:qualifiedname="architecture::rawstore::IRawStore::close::ReturnResult" publish:type="void" publish:typeid="_hcgqEoqrEduD57FOfu5USw" xmi:id="_PfdfkIq0EduD57FOfu5USw" xsi:type="uml:Parameter"><returnResult name="ReturnResult" publish:icon="1127417625.jpeg" publish:qualifiedname="architecture::rawstore::IRawStore::closeAndDelete::ReturnResult" publish:type="void" publish:typeid="_hcgqEoqrEduD57FOfu5USw" xmi:id="_IKhPQM2EEduTE5xAot6nFA" xsi:type="uml:Parameter"><returnResult name="ReturnResult" publish:icon="1127417625.jpeg" publish:qualifiedname="architecture::rawstore::IRawStore::getFile::ReturnResult" publish:type="File" publish:typeid="_l6Eh0ItsEdusPrxthOfM0w" xmi:id="_Krc68M2EEduTE5xAot6nFA" xsi:type="uml:Parameter"><returnResult name="ReturnResult" publish:icon="1127417625.jpeg" publish:qualifiedname="architecture::rawstore::IRawStore::isStable::ReturnResult" publish:type="boolean" publish:typeid="_RSWZgYq0EduD57FOfu5USw" xmi:id="_NCsfIM2EEduTE5xAot6nFA" xsi:type="uml:Parameter"><returnResult name="ReturnResult" publish:icon="1127417625.jpeg" publish:qualifiedname="architecture::rawstore::IRawStore::isFullyBuffered::ReturnResult" publish:type="boolean" publish:typeid="_RSWZgYq0EduD57FOfu5USw" xmi:id="_ObW7MM2EEduTE5xAot6nFA" xsi:type="uml:Parameter"><returnResult name="ReturnResult" publish:icon="1127417625.jpeg" publish:qualifiedname="architecture::rawstore::IRawStore::force::ReturnResult" publish:type="void" publish:typeid="_hcgqEoqrEduD57FOfu5USw" xmi:id="_RSWZgoq0EduD57FOfu5USw" xsi:type="uml:Parameter"/><ownedParameter name="forceMetadata" publish:icon="54396635.jpeg" publish:qualifiedname="architecture::rawstore::IRawStore::force::forceMetadata" publish:type="boolean" publish:typeid="_RSWZgYq0EduD57FOfu5USw" xmi:id="_RSWZgIq0EduD57FOfu5USw" xsi:type="uml:Parameter"><returnResult name="ReturnResult" publish:icon="1127417625.jpeg" publish:qualifiedname="architecture::rawstore::IRawStore::size::ReturnResult" publish:type="long" publish:typeid="_TEqawYqrEduD57FOfu5USw" xmi:id="_OfiToIq0EduD57FOfu5USw" xsi:type="uml:Parameter"/></ownedParameter></returnResult></returnResult></returnResult></returnResult></returnResult></returnResult></ownedParameter></ownedParameter></ownedMember></ownedMember>