<?xml version="1.0" encoding="UTF-8"?>
<uml:Model name="architecture" publish:icon="3545715.jpeg" publish:modelname="architecture" publish:qualifiedname="architecture" publish:toplevelguid="_EWlSMIqqEduD57FOfu5USw" xmi:id="_EWlSMIqqEduD57FOfu5USw" xmi:version="2.0" xmlns:com.ibm.xtools.notation="http:///com/ibm/xtools/notation.ecore" xmlns:publish="http://www.ibm.com/Rational/XTools/Publish" xmlns:uml="http://www.eclipse.org/uml2/1.0.0/UML" xmlns:xmi="http://www.omg.org/XMI" xmlns:xsi="http://www.w3.org/2001/XMLSchema-instance" xsi:type="uml:Model"><contents Type="Class" name="Main" publish:icon="17368741.jpeg" publish:imageType="JPEG" publish:qualifiedname="architecture::Main" xmi:id="_MouEoM2fEdutrbzDPceyvA" xsi:type="notation:Diagram"><publish:partInfo name="PrimitiveTypes" publish:partLowerX="137" publish:partLowerY="549" publish:partUpperX="10" publish:partUpperY="515" xmi:id="_a_kRQIqqEduD57FOfu5USw"/><publish:partInfo name="scaleup" publish:partLowerX="539" publish:partLowerY="188" publish:partUpperX="455" publish:partUpperY="154" xmi:id="_ZKvAULbNEdudweVpisL84g"/><publish:partInfo name="scaleout" publish:partLowerX="653" publish:partLowerY="188" publish:partUpperX="563" publish:partUpperY="154" xmi:id="_tw4VIM2bEdutrbzDPceyvA"/><publish:partInfo name="rawstore" publish:partLowerX="104" publish:partLowerY="188" publish:partUpperX="10" publish:partUpperY="154" xmi:id="_enhSsM2CEduTE5xAot6nFA"/><publish:partInfo name="om" publish:partLowerX="68" publish:partLowerY="597" publish:partUpperX="10" publish:partUpperY="563" xmi:id="_QP32sM2NEduTE5xAot6nFA"/><publish:partInfo name="objndx" publish:partLowerX="212" publish:partLowerY="188" publish:partUpperX="130" publish:partUpperY="154" xmi:id="_uAV20M2CEduTE5xAot6nFA"/><publish:partInfo name="journal" publish:partLowerX="429" publish:partLowerY="188" publish:partUpperX="347" publish:partUpperY="154" xmi:id="_Artw0M2DEduTE5xAot6nFA"/><publish:partInfo name="isolation" publish:partLowerX="329" publish:partLowerY="188" publish:partUpperX="238" publish:partUpperY="154" xmi:id="_FjcUwM2DEduTE5xAot6nFA"/></contents><ownedComment body="scratch pad for object index design in support of GOM." name="" publish:icon="33556171.jpeg" publish:qualifiedname="architecture::&lt;Comment>" xmi:id="_HaGu8IrpEduD57FOfu5USw" xsi:type="uml:Comment"/><ownedComment body="(2)" name="" publish:icon="33556171.jpeg" publish:qualifiedname="architecture::&lt;Comment>" xmi:id="_wS9oQItsEdusPrxthOfM0w" xsi:type="uml:Comment"/><ownedComment body="@todo Add support for prior/next on ILeafData, Leaf, and NodeSerializer." name="" publish:icon="33556171.jpeg" publish:qualifiedname="architecture::&lt;Comment>" xmi:id="_Py0NEJAdEduWfNtJ0THKPQ" xsi:type="uml:Comment"/><ownedMember name="UUID" publish:icon="29165423.jpeg" publish:qualifiedname="architecture::UUID" xmi:id="_9NQV4IrnEduD57FOfu5USw" xsi:type="uml:Class"/><ownedMember name="File" publish:icon="29165423.jpeg" publish:qualifiedname="architecture::File" xmi:id="_l6Eh0ItsEdusPrxthOfM0w" xsi:type="uml:Class"/><ownedMember name="Iterator" publish:icon="1640237.jpeg" publish:qualifiedname="architecture::Iterator" xmi:id="_tnTmUIxIEdusPrxthOfM0w" xsi:type="uml:Interface"><returnResult name="ReturnResult" publish:icon="1127417625.jpeg" publish:qualifiedname="architecture::Iterator::hasNext::ReturnResult" publish:type="boolean" publish:typeid="_RSWZgYq0EduD57FOfu5USw" xmi:id="_vaWRQIxIEdusPrxthOfM0w" xsi:type="uml:Parameter"><returnResult name="ReturnResult" publish:icon="1127417625.jpeg" publish:qualifiedname="architecture::Iterator::next::ReturnResult" publish:type="Object" publish:typeid="_Co8PMYqrEduD57FOfu5USw" xmi:id="_wVqC8IxIEdusPrxthOfM0w" xsi:type="uml:Parameter"><returnResult name="ReturnResult" publish:icon="1127417625.jpeg" publish:qualifiedname="architecture::Iterator::remove::ReturnResult" publish:type="void" publish:typeid="_hcgqEoqrEduD57FOfu5USw" xmi:id="_xJD10IxIEdusPrxthOfM0w" xsi:type="uml:Parameter"/></returnResult></returnResult></ownedMember><ownedMember name="WeakReference" publish:icon="29165423.jpeg" publish:qualifiedname="architecture::WeakReference" xmi:id="_NTfgYJAcEduWfNtJ0THKPQ" xsi:type="uml:Class"/><ownedMember name="" publish:icon="853711.jpeg" publish:qualifiedname="architecture::&lt;Association>" xmi:id="_6EZugM2WEdutrbzDPceyvA" xsi:type="uml:Association"/></uml:Model>