<?xml version="1.0" encoding="UTF-8"?>
<publish:packages xmlns:publish="http://www.ibm.com/Rational/XTools/Publish" xmlns:xmi="http://www.omg.org/XMI"><package name="isolation" publish:icon="848955375.jpeg" publish:qualifiedname="architecture::isolation" xmi:id="_FjcUwM2DEduTE5xAot6nFA"/><package name="om" publish:icon="848955375.jpeg" publish:qualifiedname="architecture::om" xmi:id="_QP32sM2NEduTE5xAot6nFA"/><package name="scaleout" publish:icon="848955375.jpeg" publish:qualifiedname="architecture::scaleout" xmi:id="_tw4VIM2bEdutrbzDPceyvA"/><package name="journal" publish:icon="848955375.jpeg" publish:qualifiedname="architecture::journal" xmi:id="_Artw0M2DEduTE5xAot6nFA"/><package name="scaleup" publish:icon="848955375.jpeg" publish:qualifiedname="architecture::scaleup" xmi:id="_ZKvAULbNEdudweVpisL84g"/><package name="PrimitiveTypes" publish:icon="848955375.jpeg" publish:qualifiedname="architecture::PrimitiveTypes" xmi:id="_a_kRQIqqEduD57FOfu5USw"/><package name="objndx" publish:icon="848955375.jpeg" publish:qualifiedname="architecture::objndx" xmi:id="_uAV20M2CEduTE5xAot6nFA"/><package name="rawstore" publish:icon="848955375.jpeg" publish:qualifiedname="architecture::rawstore" xmi:id="_enhSsM2CEduTE5xAot6nFA"/></publish:packages>