<?xml version="1.0" encoding="UTF-8"?>
<publish:diagrams xmlns:publish="http://www.ibm.com/Rational/XTools/Publish" xmlns:xmi="http://www.omg.org/XMI"><diagram name="Main" publish:icon="17368741.jpeg" publish:qualifiedname="architecture::isolation::Main" xmi:id="_DxxfoM1_EduTE5xAot6nFA"/><diagram name="Main" publish:icon="17368741.jpeg" publish:qualifiedname="architecture::Main" xmi:id="_MouEoM2fEdutrbzDPceyvA"/><diagram name="Main" publish:icon="17368741.jpeg" publish:qualifiedname="architecture::om::Main" xmi:id="_EWlSMoqqEduD57FOfu5USw"/><diagram name="Main" publish:icon="17368741.jpeg" publish:qualifiedname="architecture::scaleout::Main" xmi:id="_vgyMgM2bEdutrbzDPceyvA"/><diagram name="Atomic Store" publish:icon="17368741.jpeg" publish:qualifiedname="architecture::journal::Atomic Store" xmi:id="_joJMkM2FEduTE5xAot6nFA"/><diagram name="Transactions" publish:icon="17368741.jpeg" publish:qualifiedname="architecture::journal::Transactions" xmi:id="_2PMAMM2FEduTE5xAot6nFA"/><diagram name="Buffer Strategies" publish:icon="17368741.jpeg" publish:qualifiedname="architecture::journal::Buffer Strategies" xmi:id="_G56JsM2JEduTE5xAot6nFA"/><diagram name="Temporary Stores" publish:icon="17368741.jpeg" publish:qualifiedname="architecture::journal::Temporary Stores" xmi:id="_RlIWQM2JEduTE5xAot6nFA"/><diagram name="Journal" publish:icon="17368741.jpeg" publish:qualifiedname="architecture::journal::Journal" xmi:id="_VJ3BQM2JEduTE5xAot6nFA"/><diagram name="Named Indices" publish:icon="17368741.jpeg" publish:qualifiedname="architecture::journal::Named Indices" xmi:id="_73J0oM2NEduTE5xAot6nFA"/><diagram name="Partitioned index" publish:icon="17368741.jpeg" publish:qualifiedname="architecture::scaleup::Partitioned index" xmi:id="_pRqqgIxCEdusPrxthOfM0w"/><diagram name="Metadata index" publish:icon="17368741.jpeg" publish:qualifiedname="architecture::scaleup::Metadata index" xmi:id="_sHjjsM2XEdutrbzDPceyvA"/><diagram name="Main" publish:icon="17368741.jpeg" publish:qualifiedname="architecture::scaleup::Main" xmi:id="_9yuvgM2YEdutrbzDPceyvA"/><diagram name="BTree classes" publish:icon="17368741.jpeg" publish:qualifiedname="architecture::objndx::BTree classes" xmi:id="_y3gRcIxEEdusPrxthOfM0w"/><diagram name="BTree impl." publish:icon="17368741.jpeg" publish:qualifiedname="architecture::objndx::BTree impl." xmi:id="_5RVuIM17EduTE5xAot6nFA"/><diagram name="Serializers" publish:icon="17368741.jpeg" publish:qualifiedname="architecture::objndx::Serializers" xmi:id="_WmApoM2eEdutrbzDPceyvA"/><diagram name="Main" publish:icon="17368741.jpeg" publish:qualifiedname="architecture::rawstore::Main" xmi:id="_jxSo4M2CEduTE5xAot6nFA"/></publish:diagrams>