<?xml version="1.0" encoding="UTF-8"?>
<publish:elements xmlns:publish="http://www.ibm.com/Rational/XTools/Publish" xmlns:xmi="http://www.omg.org/XMI" xmlns:xsi="http://www.w3.org/2001/XMLSchema-instance"><element name="IConflictResolver" publish:icon="1640237.jpeg" publish:qualifiedname="architecture::isolation::IConflictResolver" xmi:id="_0KPUoM1_EduTE5xAot6nFA" xsi:type="uml:Interface"/><element name="IIsolatableIndex" publish:icon="1640237.jpeg" publish:qualifiedname="architecture::isolation::IIsolatableIndex" xmi:id="_lo7zIIrrEduD57FOfu5USw" xsi:type="uml:Interface"/><element name="IIsolatedIndex" publish:icon="1640237.jpeg" publish:qualifiedname="architecture::isolation::IIsolatedIndex" xmi:id="_Nk9tUIqqEduD57FOfu5USw" xsi:type="uml:Interface"/><element name="IsolatedBTree" publish:icon="29165423.jpeg" publish:qualifiedname="architecture::isolation::IsolatedBTree" xmi:id="_Ckj08IrsEduD57FOfu5USw" xsi:type="uml:Class"/><element name="" publish:icon="16254927.jpeg" publish:qualifiedname="architecture::isolation::IsolatedBTree::&lt;Implementation>::&lt;OpaqueExpression>" xmi:id="_vSFdcc2AEduTE5xAot6nFA" xsi:type="uml:OpaqueExpression"/><element name="" publish:icon="7669561.jpeg" publish:qualifiedname="architecture::isolation::IsolatedBTree::src::&lt;LiteralUnlimitedNatural>" xmi:id="_zpU8xM17EduTE5xAot6nFA" xsi:type="uml:LiteralUnlimitedNatural"/><element name="" publish:icon="32507827.jpeg" publish:qualifiedname="architecture::isolation::IsolatedBTree::src::&lt;LiteralInteger>" xmi:id="_zpU8w817EduTE5xAot6nFA" xsi:type="uml:LiteralInteger"/><element name="UnisolatedBTree" publish:icon="29165423.jpeg" publish:qualifiedname="architecture::isolation::UnisolatedBTree" xmi:id="_nWZLgM17EduTE5xAot6nFA" xsi:type="uml:Class"/><element name="" publish:icon="16254927.jpeg" publish:qualifiedname="architecture::isolation::UnisolatedBTree::&lt;Implementation>::&lt;OpaqueExpression>" xmi:id="_h5F4gc1_EduTE5xAot6nFA" xsi:type="uml:OpaqueExpression"/><element name="UnisolatedIndexSegment" publish:icon="29165423.jpeg" publish:qualifiedname="architecture::isolation::UnisolatedIndexSegment" xmi:id="_X4VlQM1_EduTE5xAot6nFA" xsi:type="uml:Class"/><element name="" publish:icon="16254927.jpeg" publish:qualifiedname="architecture::isolation::UnisolatedIndexSegment::&lt;Implementation>::&lt;OpaqueExpression>" xmi:id="_iyBEkc1_EduTE5xAot6nFA" xsi:type="uml:OpaqueExpression"/><element name="" publish:icon="1640379.jpeg" publish:qualifiedname="architecture::isolation::&lt;Association>" xmi:id="_zpU8wM17EduTE5xAot6nFA" xsi:type="uml:Association"/><element name="UUID" publish:icon="29165423.jpeg" publish:qualifiedname="architecture::UUID" xmi:id="_9NQV4IrnEduD57FOfu5USw" xsi:type="uml:Class"/><element name="File" publish:icon="29165423.jpeg" publish:qualifiedname="architecture::File" xmi:id="_l6Eh0ItsEdusPrxthOfM0w" xsi:type="uml:Class"/><element name="Iterator" publish:icon="1640237.jpeg" publish:qualifiedname="architecture::Iterator" xmi:id="_tnTmUIxIEdusPrxthOfM0w" xsi:type="uml:Interface"/><element name="WeakReference" publish:icon="29165423.jpeg" publish:qualifiedname="architecture::WeakReference" xmi:id="_NTfgYJAcEduWfNtJ0THKPQ" xsi:type="uml:Class"/><element name="" publish:icon="853711.jpeg" publish:qualifiedname="architecture::&lt;Association>" xmi:id="_6EZugM2WEdutrbzDPceyvA" xsi:type="uml:Association"/><element name="ObjectIndex" publish:icon="29165423.jpeg" publish:qualifiedname="architecture::om::ObjectIndex" xmi:id="_UqkccIsKEduD57FOfu5USw" xsi:type="uml:Class"/><element name="ExtSerIndex" publish:icon="29165423.jpeg" publish:qualifiedname="architecture::om::ExtSerIndex" xmi:id="_VpmQgIsKEduD57FOfu5USw" xsi:type="uml:Class"/><element name="IOM" publish:icon="1640237.jpeg" publish:qualifiedname="architecture::om::IOM" xmi:id="_ebQd8IsLEduD57FOfu5USw" xsi:type="uml:Interface"/><element name="IAtomicStore" publish:icon="1640237.jpeg" publish:qualifiedname="architecture::journal::IAtomicStore" xmi:id="_y34JMIq1EduD57FOfu5USw" xsi:type="uml:Interface"/><element name="" publish:icon="7669561.jpeg" publish:qualifiedname="architecture::journal::IAtomicStore::rootBlock::&lt;LiteralUnlimitedNatural>" xmi:id="_597aUYq_EduD57FOfu5USw" xsi:type="uml:LiteralUnlimitedNatural"/><element name="" publish:icon="32507827.jpeg" publish:qualifiedname="architecture::journal::IAtomicStore::rootBlock::&lt;LiteralInteger>" xmi:id="_597aUIq_EduD57FOfu5USw" xsi:type="uml:LiteralInteger"/><element name="" publish:icon="7669561.jpeg" publish:qualifiedname="architecture::journal::IAtomicStore::committer::&lt;LiteralUnlimitedNatural>" xmi:id="_4rAbBM2IEduTE5xAot6nFA" xsi:type="uml:LiteralUnlimitedNatural"/><element name="" publish:icon="32507827.jpeg" publish:qualifiedname="architecture::journal::IAtomicStore::committer::&lt;LiteralInteger>" xmi:id="_4rAbA82IEduTE5xAot6nFA" xsi:type="uml:LiteralInteger"/><element name="IRootBlockView" publish:icon="1640237.jpeg" publish:qualifiedname="architecture::journal::IRootBlockView" xmi:id="_qUOikIq0EduD57FOfu5USw" xsi:type="uml:Interface"/><element name="Tx" publish:icon="29165423.jpeg" publish:qualifiedname="architecture::journal::Tx" xmi:id="_SF1wIIqtEduD57FOfu5USw" xsi:type="uml:Class"/><element name="DirectBufferStrategy" publish:icon="29165423.jpeg" publish:qualifiedname="architecture::journal::DirectBufferStrategy" xmi:id="_UhnWYIqqEduD57FOfu5USw" xsi:type="uml:Class"/><element name="DiskOnlyStrategy" publish:icon="29165423.jpeg" publish:qualifiedname="architecture::journal::DiskOnlyStrategy" xmi:id="_eXCjYIqqEduD57FOfu5USw" xsi:type="uml:Class"/><element name="Journal" publish:icon="29165423.jpeg" publish:qualifiedname="architecture::journal::Journal" xmi:id="_TPzwQIqqEduD57FOfu5USw" xsi:type="uml:Class"/><element name="" publish:icon="16254927.jpeg" publish:qualifiedname="architecture::journal::Journal::&lt;Implementation>::&lt;OpaqueExpression>" xmi:id="_wGzwwYqqEduD57FOfu5USw" xsi:type="uml:OpaqueExpression"/><element name="" publish:icon="7669561.jpeg" publish:qualifiedname="architecture::journal::Journal::btree::&lt;LiteralUnlimitedNatural>" xmi:id="_cm7uVJIWEduWfNtJ0THKPQ" xsi:type="uml:LiteralUnlimitedNatural"/><element name="" publish:icon="32507827.jpeg" publish:qualifiedname="architecture::journal::Journal::btree::&lt;LiteralInteger>" xmi:id="_cm7uU5IWEduWfNtJ0THKPQ" xsi:type="uml:LiteralInteger"/><element name="" publish:icon="7669561.jpeg" publish:qualifiedname="architecture::journal::Journal::name2addr::&lt;LiteralUnlimitedNatural>" xmi:id="_xL6q5M2WEdutrbzDPceyvA" xsi:type="uml:LiteralUnlimitedNatural"/><element name="" publish:icon="32507827.jpeg" publish:qualifiedname="architecture::journal::Journal::name2addr::&lt;LiteralInteger>" xmi:id="_xL6q482WEdutrbzDPceyvA" xsi:type="uml:LiteralInteger"/><element name="TransientBufferStrategy" publish:icon="29165423.jpeg" publish:qualifiedname="architecture::journal::TransientBufferStrategy" xmi:id="_b2ZyoIqqEduD57FOfu5USw" xsi:type="uml:Class"/><element name="IBufferStrategy" publish:icon="1640237.jpeg" publish:qualifiedname="architecture::journal::IBufferStrategy" xmi:id="_KTJ-UIqqEduD57FOfu5USw" xsi:type="uml:Interface"/><element name="IStore" publish:icon="1640237.jpeg" publish:qualifiedname="architecture::journal::IStore" xmi:id="_3z6w8IqrEduD57FOfu5USw" xsi:type="uml:Interface"/><element name="ITx" publish:icon="1640237.jpeg" publish:qualifiedname="architecture::journal::ITx" xmi:id="_MJnwsIqqEduD57FOfu5USw" xsi:type="uml:Interface"/><element name="" publish:icon="1509185.jpeg" publish:qualifiedname="architecture::journal::&lt;Usage>" xmi:id="_B5tmIIq1EduD57FOfu5USw" xsi:type="uml:Usage"/><element name="btree-by-name" publish:icon="853711.jpeg" publish:qualifiedname="architecture::journal::btree-by-name" xmi:id="_cm7uUJIWEduWfNtJ0THKPQ" xsi:type="uml:Association"/><element name="" publish:icon="1509185.jpeg" publish:qualifiedname="architecture::journal::&lt;Usage>" xmi:id="_xMipwIqqEduD57FOfu5USw" xsi:type="uml:Usage"/><element name="ICommitter" publish:icon="1640237.jpeg" publish:qualifiedname="architecture::journal::ICommitter" xmi:id="_J3n00M2FEduTE5xAot6nFA" xsi:type="uml:Interface"/><element name="IMROW" publish:icon="1640237.jpeg" publish:qualifiedname="architecture::journal::IMROW" xmi:id="_XZO_sM2FEduTE5xAot6nFA" xsi:type="uml:Interface"/><element name="" publish:icon="853711.jpeg" publish:qualifiedname="architecture::journal::&lt;Association>" xmi:id="_59xpUIq_EduD57FOfu5USw" xsi:type="uml:Association"/><element name="IIndexManager" publish:icon="1640237.jpeg" publish:qualifiedname="architecture::journal::IIndexManager" xmi:id="_HrvWoM2GEduTE5xAot6nFA" xsi:type="uml:Interface"/><element name="ITimestampService" publish:icon="1640237.jpeg" publish:qualifiedname="architecture::journal::ITimestampService" xmi:id="_bymXMM2GEduTE5xAot6nFA" xsi:type="uml:Interface"/><element name="ITransactionManager" publish:icon="1640237.jpeg" publish:qualifiedname="architecture::journal::ITransactionManager" xmi:id="_e1NMkM2GEduTE5xAot6nFA" xsi:type="uml:Interface"/><element name="IsolationEnum" publish:icon="460247.jpeg" publish:qualifiedname="architecture::journal::IsolationEnum" xmi:id="_hx3K8M2GEduTE5xAot6nFA" xsi:type="uml:Enumeration"/><element name="" publish:icon="16254927.jpeg" publish:qualifiedname="architecture::journal::IsolationEnum::ReadCommitted::&lt;OpaqueExpression>" xmi:id="_mBgbMM2GEduTE5xAot6nFA" xsi:type="uml:OpaqueExpression"/><element name="" publish:icon="16254927.jpeg" publish:qualifiedname="architecture::journal::IsolationEnum::ReadOnly::&lt;OpaqueExpression>" xmi:id="_mgDYYM2GEduTE5xAot6nFA" xsi:type="uml:OpaqueExpression"/><element name="" publish:icon="16254927.jpeg" publish:qualifiedname="architecture::journal::IsolationEnum::ReadWrite::&lt;OpaqueExpression>" xmi:id="_m22u0M2GEduTE5xAot6nFA" xsi:type="uml:OpaqueExpression"/><element name="RunState" publish:icon="460247.jpeg" publish:qualifiedname="architecture::journal::RunState" xmi:id="_oobksM2HEduTE5xAot6nFA" xsi:type="uml:Enumeration"/><element name="" publish:icon="16254927.jpeg" publish:qualifiedname="architecture::journal::RunState::Active::&lt;OpaqueExpression>" xmi:id="_q0DuwM2HEduTE5xAot6nFA" xsi:type="uml:OpaqueExpression"/><element name="" publish:icon="16254927.jpeg" publish:qualifiedname="architecture::journal::RunState::Prepared::&lt;OpaqueExpression>" xmi:id="_rL5nAM2HEduTE5xAot6nFA" xsi:type="uml:OpaqueExpression"/><element name="" publish:icon="16254927.jpeg" publish:qualifiedname="architecture::journal::RunState::Committed::&lt;OpaqueExpression>" xmi:id="_rfkJ4M2HEduTE5xAot6nFA" xsi:type="uml:OpaqueExpression"/><element name="" publish:icon="16254927.jpeg" publish:qualifiedname="architecture::journal::RunState::Aborted::&lt;OpaqueExpression>" xmi:id="_r0R1oM2HEduTE5xAot6nFA" xsi:type="uml:OpaqueExpression"/><element name="AbstractTx" publish:icon="29165423.jpeg" publish:qualifiedname="architecture::journal::AbstractTx" xmi:id="_43MSUM2HEduTE5xAot6nFA" xsi:type="uml:Class"/><element name="" publish:icon="16254927.jpeg" publish:qualifiedname="architecture::journal::AbstractTx::&lt;Implementation>::&lt;OpaqueExpression>" xmi:id="_7LTqAc2HEduTE5xAot6nFA" xsi:type="uml:OpaqueExpression"/><element name="ReadCommittedTx" publish:icon="29165423.jpeg" publish:qualifiedname="architecture::journal::ReadCommittedTx" xmi:id="_Dl-wQM2IEduTE5xAot6nFA" xsi:type="uml:Class"/><element name="IJournal" publish:icon="1640237.jpeg" publish:qualifiedname="architecture::journal::IJournal" xmi:id="_p0wYcM2IEduTE5xAot6nFA" xsi:type="uml:Interface"/><element name="" publish:icon="853711.jpeg" publish:qualifiedname="architecture::journal::&lt;Association>" xmi:id="_4rAbAM2IEduTE5xAot6nFA" xsi:type="uml:Association"/><element name="TemporaryRawStore" publish:icon="29165423.jpeg" publish:qualifiedname="architecture::journal::TemporaryRawStore" xmi:id="_5EXgwM2JEduTE5xAot6nFA" xsi:type="uml:Class"/><element name="" publish:icon="16254927.jpeg" publish:qualifiedname="architecture::journal::TemporaryRawStore::&lt;Implementation>::&lt;OpaqueExpression>" xmi:id="_84AKcc2JEduTE5xAot6nFA" xsi:type="uml:OpaqueExpression"/><element name="TemporaryStore" publish:icon="29165423.jpeg" publish:qualifiedname="architecture::journal::TemporaryStore" xmi:id="_5KCD4M2JEduTE5xAot6nFA" xsi:type="uml:Class"/><element name="" publish:icon="16254927.jpeg" publish:qualifiedname="architecture::journal::TemporaryStore::&lt;Implementation>::&lt;OpaqueExpression>" xmi:id="_-N-e4c2JEduTE5xAot6nFA" xsi:type="uml:OpaqueExpression"/><element name="" publish:icon="1509185.jpeg" publish:qualifiedname="architecture::journal::&lt;Usage>" xmi:id="_RIQXkM2KEduTE5xAot6nFA" xsi:type="uml:Usage"/><element name="ForceEnum" publish:icon="460247.jpeg" publish:qualifiedname="architecture::journal::ForceEnum" xmi:id="_1O-HEM2KEduTE5xAot6nFA" xsi:type="uml:Enumeration"/><element name="" publish:icon="16254927.jpeg" publish:qualifiedname="architecture::journal::ForceEnum::No::&lt;OpaqueExpression>" xmi:id="_4X_tgM2KEduTE5xAot6nFA" xsi:type="uml:OpaqueExpression"/><element name="" publish:icon="16254927.jpeg" publish:qualifiedname="architecture::journal::ForceEnum::Force::&lt;OpaqueExpression>" xmi:id="_43bbgM2KEduTE5xAot6nFA" xsi:type="uml:OpaqueExpression"/><element name="" publish:icon="16254927.jpeg" publish:qualifiedname="architecture::journal::ForceEnum::ForceMetadata::&lt;OpaqueExpression>" xmi:id="_6XPocM2KEduTE5xAot6nFA" xsi:type="uml:OpaqueExpression"/><element name="BufferMode" publish:icon="460247.jpeg" publish:qualifiedname="architecture::journal::BufferMode" xmi:id="_UlalgM2LEduTE5xAot6nFA" xsi:type="uml:Enumeration"/><element name="" publish:icon="16254927.jpeg" publish:qualifiedname="architecture::journal::BufferMode::Transient::&lt;OpaqueExpression>" xmi:id="_XYrXUM2LEduTE5xAot6nFA" xsi:type="uml:OpaqueExpression"/><element name="" publish:icon="16254927.jpeg" publish:qualifiedname="architecture::journal::BufferMode::Direct::&lt;OpaqueExpression>" xmi:id="_YDTBoM2LEduTE5xAot6nFA" xsi:type="uml:OpaqueExpression"/><element name="" publish:icon="16254927.jpeg" publish:qualifiedname="architecture::journal::BufferMode::Mapped::&lt;OpaqueExpression>" xmi:id="_YYmjQM2LEduTE5xAot6nFA" xsi:type="uml:OpaqueExpression"/><element name="" publish:icon="16254927.jpeg" publish:qualifiedname="architecture::journal::BufferMode::Disk::&lt;OpaqueExpression>" xmi:id="_YkrQYM2LEduTE5xAot6nFA" xsi:type="uml:OpaqueExpression"/><element name="MappedBufferStrategy" publish:icon="29165423.jpeg" publish:qualifiedname="architecture::journal::MappedBufferStrategy" xmi:id="_cVLGgM2LEduTE5xAot6nFA" xsi:type="uml:Class"/><element name="AbstractBufferStrategy" publish:icon="29165423.jpeg" publish:qualifiedname="architecture::journal::AbstractBufferStrategy" xmi:id="_gfw3oM2LEduTE5xAot6nFA" xsi:type="uml:Class"/><element name="" publish:icon="16254927.jpeg" publish:qualifiedname="architecture::journal::AbstractBufferStrategy::&lt;Implementation>::&lt;OpaqueExpression>" xmi:id="_iekGoc2LEduTE5xAot6nFA" xsi:type="uml:OpaqueExpression"/><element name="BasicBufferStrategy" publish:icon="29165423.jpeg" publish:qualifiedname="architecture::journal::BasicBufferStrategy" xmi:id="_kHLDMM2LEduTE5xAot6nFA" xsi:type="uml:Class"/><element name="DiskBackedBufferStrategy" publish:icon="29165423.jpeg" publish:qualifiedname="architecture::journal::DiskBackedBufferStrategy" xmi:id="_qz4LwM2LEduTE5xAot6nFA" xsi:type="uml:Class"/><element name="ICommitRecord" publish:icon="1640237.jpeg" publish:qualifiedname="architecture::journal::ICommitRecord" xmi:id="_oZHuoM2NEduTE5xAot6nFA" xsi:type="uml:Interface"/><element name="CommitRecordIndex" publish:icon="29165423.jpeg" publish:qualifiedname="architecture::journal::CommitRecordIndex" xmi:id="_42e48M2NEduTE5xAot6nFA" xsi:type="uml:Class"/><element name="" publish:icon="7669561.jpeg" publish:qualifiedname="architecture::journal::CommitRecordIndex::commitRecordAddr::&lt;LiteralUnlimitedNatural>" xmi:id="_tdlcJM2PEdu-valOzsHUJQ" xsi:type="uml:LiteralUnlimitedNatural"/><element name="" publish:icon="32507827.jpeg" publish:qualifiedname="architecture::journal::CommitRecordIndex::commitRecordAddr::&lt;LiteralInteger>" xmi:id="_tdlcI82PEdu-valOzsHUJQ" xsi:type="uml:LiteralInteger"/><element name="" publish:icon="853711.jpeg" publish:qualifiedname="architecture::journal::&lt;Association>" xmi:id="_tdlcIM2PEdu-valOzsHUJQ" xsi:type="uml:Association"/><element name="Name2Addr" publish:icon="29165423.jpeg" publish:qualifiedname="architecture::journal::Name2Addr" xmi:id="_vU3CoM2WEdutrbzDPceyvA" xsi:type="uml:Class"/><element name="" publish:icon="7669561.jpeg" publish:qualifiedname="architecture::journal::Name2Addr::iindex::&lt;LiteralUnlimitedNatural>" xmi:id="_6Ei4cc2WEdutrbzDPceyvA" xsi:type="uml:LiteralUnlimitedNatural"/><element name="" publish:icon="32507827.jpeg" publish:qualifiedname="architecture::journal::Name2Addr::iindex::&lt;LiteralInteger>" xmi:id="_6Ei4cM2WEdutrbzDPceyvA" xsi:type="uml:LiteralInteger"/><element name="" publish:icon="1640379.jpeg" publish:qualifiedname="architecture::journal::&lt;Association>" xmi:id="_xL6q4M2WEdutrbzDPceyvA" xsi:type="uml:Association"/><element name="IResourceMetadata" publish:icon="1640237.jpeg" publish:qualifiedname="architecture::scaleup::IResourceMetadata" xmi:id="_RfLnoM17EduTE5xAot6nFA" xsi:type="uml:Interface"/><element name="PartitionedIndex" publish:icon="29165423.jpeg" publish:qualifiedname="architecture::scaleup::PartitionedIndex" xmi:id="_3J6zwIxCEdusPrxthOfM0w" xsi:type="uml:Class"/><element name="" publish:icon="16254927.jpeg" publish:qualifiedname="architecture::scaleup::PartitionedIndex::&lt;Implementation>::&lt;OpaqueExpression>" xmi:id="_6cUeEc18EduTE5xAot6nFA" xsi:type="uml:OpaqueExpression"/><element name="PartitionMetadata" publish:icon="29165423.jpeg" publish:qualifiedname="architecture::scaleup::PartitionMetadata" xmi:id="_8TjGgJIVEduWfNtJ0THKPQ" xsi:type="uml:Class"/><element name="" publish:icon="7669561.jpeg" publish:qualifiedname="architecture::scaleup::PartitionMetadata::view::&lt;LiteralUnlimitedNatural>" xmi:id="_cDsINM17EduTE5xAot6nFA" xsi:type="uml:LiteralUnlimitedNatural"/><element name="" publish:icon="32507827.jpeg" publish:qualifiedname="architecture::scaleup::PartitionMetadata::view::&lt;LiteralInteger>" xmi:id="_cDsIM817EduTE5xAot6nFA" xsi:type="uml:LiteralInteger"/><element name="PartitionedJournal" publish:icon="29165423.jpeg" publish:qualifiedname="architecture::scaleup::PartitionedJournal" xmi:id="_gQBoALbNEdudweVpisL84g" xsi:type="uml:Class"/><element name="" publish:icon="16254927.jpeg" publish:qualifiedname="architecture::scaleup::PartitionedJournal::&lt;Implementation>::&lt;OpaqueExpression>" xmi:id="_U2qaoc2YEdutrbzDPceyvA" xsi:type="uml:OpaqueExpression"/><element name="" publish:icon="7669561.jpeg" publish:qualifiedname="architecture::scaleup::PartitionedJournal::metadataindex::&lt;LiteralUnlimitedNatural>" xmi:id="_vIXVQbbNEdudweVpisL84g" xsi:type="uml:LiteralUnlimitedNatural"/><element name="" publish:icon="32507827.jpeg" publish:qualifiedname="architecture::scaleup::PartitionedJournal::metadataindex::&lt;LiteralInteger>" xmi:id="_vIXVQLbNEdudweVpisL84g" xsi:type="uml:LiteralInteger"/><element name="" publish:icon="7669561.jpeg" publish:qualifiedname="architecture::scaleup::PartitionedJournal::slave::&lt;LiteralUnlimitedNatural>" xmi:id="_O2869M2YEdutrbzDPceyvA" xsi:type="uml:LiteralUnlimitedNatural"/><element name="" publish:icon="32507827.jpeg" publish:qualifiedname="architecture::scaleup::PartitionedJournal::slave::&lt;LiteralInteger>" xmi:id="_O286882YEdutrbzDPceyvA" xsi:type="uml:LiteralInteger"/><element name="MetadataIndex" publish:icon="29165423.jpeg" publish:qualifiedname="architecture::scaleup::MetadataIndex" xmi:id="_oCoBoLbNEdudweVpisL84g" xsi:type="uml:Class"/><element name="" publish:icon="7669561.jpeg" publish:qualifiedname="architecture::scaleup::MetadataIndex::partition::&lt;LiteralUnlimitedNatural>" xmi:id="_G4cMRM2YEdutrbzDPceyvA" xsi:type="uml:LiteralUnlimitedNatural"/><element name="" publish:icon="32507827.jpeg" publish:qualifiedname="architecture::scaleup::MetadataIndex::partition::&lt;LiteralInteger>" xmi:id="_G4cMQ82YEdutrbzDPceyvA" xsi:type="uml:LiteralInteger"/><element name="SegmentMetadata" publish:icon="29165423.jpeg" publish:qualifiedname="architecture::scaleup::SegmentMetadata" xmi:id="_quIloLbNEdudweVpisL84g" xsi:type="uml:Class"/><element name="" publish:icon="16254927.jpeg" publish:qualifiedname="architecture::scaleup::SegmentMetadata::&lt;Implementation>::&lt;OpaqueExpression>" xmi:id="_DFjJcc2YEdutrbzDPceyvA" xsi:type="uml:OpaqueExpression"/><element name="" publish:icon="853711.jpeg" publish:qualifiedname="architecture::scaleup::&lt;Association>" xmi:id="_vINkQLbNEdudweVpisL84g" xsi:type="uml:Association"/><element name="" publish:icon="1507592161.jpeg" publish:qualifiedname="architecture::scaleup::&lt;Association>" xmi:id="_cDsIMM17EduTE5xAot6nFA" xsi:type="uml:Association"/><element name="JournalMetadata" publish:icon="29165423.jpeg" publish:qualifiedname="architecture::scaleup::JournalMetadata" xmi:id="_A6EwYM2YEdutrbzDPceyvA" xsi:type="uml:Class"/><element name="" publish:icon="16254927.jpeg" publish:qualifiedname="architecture::scaleup::JournalMetadata::&lt;Implementation>::&lt;OpaqueExpression>" xmi:id="_D2SC0c2YEdutrbzDPceyvA" xsi:type="uml:OpaqueExpression"/><element name="" publish:icon="1507592161.jpeg" publish:qualifiedname="architecture::scaleup::&lt;Association>" xmi:id="_G4cMQM2YEdutrbzDPceyvA" xsi:type="uml:Association"/><element name="SlaveJournal" publish:icon="29165423.jpeg" publish:qualifiedname="architecture::scaleup::SlaveJournal" xmi:id="_KpZVYM2YEdutrbzDPceyvA" xsi:type="uml:Class"/><element name="" publish:icon="1640379.jpeg" publish:qualifiedname="architecture::scaleup::&lt;Association>" xmi:id="_O2868M2YEdutrbzDPceyvA" xsi:type="uml:Association"/><element name="" publish:icon="346621515.jpeg" publish:qualifiedname="architecture::scaleup::&lt;Dependency>" xmi:id="_X6Kn4M2YEdutrbzDPceyvA" xsi:type="uml:Dependency"/><element name="" publish:icon="346621515.jpeg" publish:qualifiedname="architecture::scaleup::&lt;Dependency>" xmi:id="_ghzMEM2YEdutrbzDPceyvA" xsi:type="uml:Dependency"/><element name="ResourceState" publish:icon="460247.jpeg" publish:qualifiedname="architecture::scaleup::ResourceState" xmi:id="_DctaUM2aEdutrbzDPceyvA" xsi:type="uml:Enumeration"/><element name="" publish:icon="16254927.jpeg" publish:qualifiedname="architecture::scaleup::ResourceState::New::&lt;OpaqueExpression>" xmi:id="_EtoPoM2aEdutrbzDPceyvA" xsi:type="uml:OpaqueExpression"/><element name="" publish:icon="16254927.jpeg" publish:qualifiedname="architecture::scaleup::ResourceState::Live::&lt;OpaqueExpression>" xmi:id="_Jp1D4M2aEdutrbzDPceyvA" xsi:type="uml:OpaqueExpression"/><element name="" publish:icon="16254927.jpeg" publish:qualifiedname="architecture::scaleup::ResourceState::Dead::&lt;OpaqueExpression>" xmi:id="_J8AZAM2aEdutrbzDPceyvA" xsi:type="uml:OpaqueExpression"/><element name="" publish:icon="1509185.jpeg" publish:qualifiedname="architecture::scaleup::&lt;Usage>" xmi:id="_VYPy0M2aEdutrbzDPceyvA" xsi:type="uml:Usage"/><element name="ByteBuffer" publish:icon="9045907.jpeg" publish:qualifiedname="architecture::PrimitiveTypes::ByteBuffer" xmi:id="_a_kRQYqqEduD57FOfu5USw" xsi:type="uml:PrimitiveType"/><element name="Object" publish:icon="9045907.jpeg" publish:qualifiedname="architecture::PrimitiveTypes::Object" xmi:id="_Co8PMYqrEduD57FOfu5USw" xsi:type="uml:PrimitiveType"/><element name="long" publish:icon="9045907.jpeg" publish:qualifiedname="architecture::PrimitiveTypes::long" xmi:id="_TEqawYqrEduD57FOfu5USw" xsi:type="uml:PrimitiveType"/><element name="void" publish:icon="9045907.jpeg" publish:qualifiedname="architecture::PrimitiveTypes::void" xmi:id="_hcgqEoqrEduD57FOfu5USw" xsi:type="uml:PrimitiveType"/><element name="boolean" publish:icon="9045907.jpeg" publish:qualifiedname="architecture::PrimitiveTypes::boolean" xmi:id="_RSWZgYq0EduD57FOfu5USw" xsi:type="uml:PrimitiveType"/><element name="id" publish:icon="9045907.jpeg" publish:qualifiedname="architecture::PrimitiveTypes::id" xmi:id="_IxAOEYq1EduD57FOfu5USw" xsi:type="uml:PrimitiveType"/><element name="int" publish:icon="9045907.jpeg" publish:qualifiedname="architecture::PrimitiveTypes::int" xmi:id="_eerbcIq1EduD57FOfu5USw" xsi:type="uml:PrimitiveType"/><element name="extent" publish:icon="9045907.jpeg" publish:qualifiedname="architecture::PrimitiveTypes::extent" xmi:id="_iN_l0Yq1EduD57FOfu5USw" xsi:type="uml:PrimitiveType"/><element name="Iterator" publish:icon="9045907.jpeg" publish:qualifiedname="architecture::PrimitiveTypes::Iterator" xmi:id="_LNrZI4rnEduD57FOfu5USw" xsi:type="uml:PrimitiveType"/><element name="Map&lt;Key,Value>" publish:icon="9045907.jpeg" publish:qualifiedname="architecture::PrimitiveTypes::Map&lt;Key,Value>" xmi:id="_H7SCAIrsEduD57FOfu5USw" xsi:type="uml:PrimitiveType"/><element name="*" publish:icon="9045907.jpeg" publish:qualifiedname="architecture::PrimitiveTypes::*" xmi:id="_s_OycJIWEduWfNtJ0THKPQ" xsi:type="uml:PrimitiveType"/><element name="byte" publish:icon="9045907.jpeg" publish:qualifiedname="architecture::PrimitiveTypes::byte" xmi:id="_bb0lAs19EduTE5xAot6nFA" xsi:type="uml:PrimitiveType"/><element name="out" publish:icon="9045907.jpeg" publish:qualifiedname="architecture::PrimitiveTypes::out" xmi:id="_DUyyQc2LEduTE5xAot6nFA" xsi:type="uml:PrimitiveType"/><element name="IndexSegmentBuilder" publish:icon="29165423.jpeg" publish:qualifiedname="architecture::objndx::IndexSegmentBuilder" xmi:id="_mxggIItsEdusPrxthOfM0w" xsi:type="uml:Class"/><element name="" publish:icon="7669561.jpeg" publish:qualifiedname="architecture::objndx::IndexSegmentBuilder::compact::seg::&lt;LiteralUnlimitedNatural>" xmi:id="_tknysotsEdusPrxthOfM0w" xsi:type="uml:LiteralUnlimitedNatural"/><element name="" publish:icon="32507827.jpeg" publish:qualifiedname="architecture::objndx::IndexSegmentBuilder::compact::seg::&lt;LiteralInteger>" xmi:id="_tknysYtsEdusPrxthOfM0w" xsi:type="uml:LiteralInteger"/><element name="IndexSegment" publish:icon="29165423.jpeg" publish:qualifiedname="architecture::objndx::IndexSegment" xmi:id="_tQLHcIxCEdusPrxthOfM0w" xsi:type="uml:Class"/><element name="IAbstractNode" publish:icon="1640237.jpeg" publish:qualifiedname="architecture::objndx::IAbstractNode" xmi:id="_OaHKgIxIEdusPrxthOfM0w" xsi:type="uml:Interface"/><element name="IAbstractNodeData" publish:icon="1640237.jpeg" publish:qualifiedname="architecture::objndx::IAbstractNodeData" xmi:id="_JXMm0I9UEdusPrxthOfM0w" xsi:type="uml:Interface"/><element name="IBatchBTree" publish:icon="1640237.jpeg" publish:qualifiedname="architecture::objndx::IBatchBTree" xmi:id="_wWp1oM18EduTE5xAot6nFA" xsi:type="uml:Interface"/><element name="IBatchOp" publish:icon="1640237.jpeg" publish:qualifiedname="architecture::objndx::IBatchOp" xmi:id="_xIlB0M18EduTE5xAot6nFA" xsi:type="uml:Interface"/><element name="IIndex" publish:icon="1640237.jpeg" publish:qualifiedname="architecture::objndx::IIndex" xmi:id="_0cxWcM18EduTE5xAot6nFA" xsi:type="uml:Interface"/><element name="IKeySerializer" publish:icon="1640237.jpeg" publish:qualifiedname="architecture::objndx::IKeySerializer" xmi:id="_XGRwwIxFEdusPrxthOfM0w" xsi:type="uml:Interface"/><element name="ISimpleBTree" publish:icon="1640237.jpeg" publish:qualifiedname="architecture::objndx::ISimpleBTree" xmi:id="_M267kIqqEduD57FOfu5USw" xsi:type="uml:Interface"/><element name="ILeaf" publish:icon="1640237.jpeg" publish:qualifiedname="architecture::objndx::ILeaf" xmi:id="_Qdia0IxIEdusPrxthOfM0w" xsi:type="uml:Interface"/><element name="ILeafData" publish:icon="1640237.jpeg" publish:qualifiedname="architecture::objndx::ILeafData" xmi:id="_LYizgI9UEdusPrxthOfM0w" xsi:type="uml:Interface"/><element name="" publish:icon="7669561.jpeg" publish:qualifiedname="architecture::objndx::ILeafData::getValues::ReturnResult::&lt;LiteralUnlimitedNatural>" xmi:id="_pe74MoxHEdusPrxthOfM0w" xsi:type="uml:LiteralUnlimitedNatural"/><element name="" publish:icon="32507827.jpeg" publish:qualifiedname="architecture::objndx::ILeafData::getValues::ReturnResult::&lt;LiteralInteger>" xmi:id="_pe74MYxHEdusPrxthOfM0w" xsi:type="uml:LiteralInteger"/><element name="ILinearList" publish:icon="1640237.jpeg" publish:qualifiedname="architecture::objndx::ILinearList" xmi:id="_U8E6YM19EduTE5xAot6nFA" xsi:type="uml:Interface"/><element name="" publish:icon="7669561.jpeg" publish:qualifiedname="architecture::objndx::ILinearList::indexOf::byte::&lt;LiteralUnlimitedNatural>" xmi:id="_YGIbks19EduTE5xAot6nFA" xsi:type="uml:LiteralUnlimitedNatural"/><element name="" publish:icon="32507827.jpeg" publish:qualifiedname="architecture::objndx::ILinearList::indexOf::byte::&lt;LiteralInteger>" xmi:id="_YGIbkc19EduTE5xAot6nFA" xsi:type="uml:LiteralInteger"/><element name="" publish:icon="7669561.jpeg" publish:qualifiedname="architecture::objndx::ILinearList::keyAt::ReturnResult::&lt;LiteralUnlimitedNatural>" xmi:id="_bb0lBM19EduTE5xAot6nFA" xsi:type="uml:LiteralUnlimitedNatural"/><element name="" publish:icon="32507827.jpeg" publish:qualifiedname="architecture::objndx::ILinearList::keyAt::ReturnResult::&lt;LiteralInteger>" xmi:id="_bb0lA819EduTE5xAot6nFA" xsi:type="uml:LiteralInteger"/><element name="INode" publish:icon="1640237.jpeg" publish:qualifiedname="architecture::objndx::INode" xmi:id="_RAQGUIxIEdusPrxthOfM0w" xsi:type="uml:Interface"/><element name="INodeData" publish:icon="1640237.jpeg" publish:qualifiedname="architecture::objndx::INodeData" xmi:id="_LRFgoI9UEdusPrxthOfM0w" xsi:type="uml:Interface"/><element name="" publish:icon="7669561.jpeg" publish:qualifiedname="architecture::objndx::INodeData::getChildAddr::ReturnResult::&lt;LiteralUnlimitedNatural>" xmi:id="_-W93AoxHEdusPrxthOfM0w" xsi:type="uml:LiteralUnlimitedNatural"/><element name="" publish:icon="32507827.jpeg" publish:qualifiedname="architecture::objndx::INodeData::getChildAddr::ReturnResult::&lt;LiteralInteger>" xmi:id="_-W93AYxHEdusPrxthOfM0w" xsi:type="uml:LiteralInteger"/><element name="IRangeQuery" publish:icon="1640237.jpeg" publish:qualifiedname="architecture::objndx::IRangeQuery" xmi:id="_fvwU0M18EduTE5xAot6nFA" xsi:type="uml:Interface"/><element name="" publish:icon="7669561.jpeg" publish:qualifiedname="architecture::objndx::IRangeQuery::rangeCount::byte::&lt;LiteralUnlimitedNatural>" xmi:id="_kzjl4s18EduTE5xAot6nFA" xsi:type="uml:LiteralUnlimitedNatural"/><element name="" publish:icon="32507827.jpeg" publish:qualifiedname="architecture::objndx::IRangeQuery::rangeCount::byte::&lt;LiteralInteger>" xmi:id="_kzjl4c18EduTE5xAot6nFA" xsi:type="uml:LiteralInteger"/><element name="IValueSerializer" publish:icon="1640237.jpeg" publish:qualifiedname="architecture::objndx::IValueSerializer" xmi:id="_X5O3sIxFEdusPrxthOfM0w" xsi:type="uml:Interface"/><element name="" publish:icon="7669561.jpeg" publish:qualifiedname="architecture::objndx::IValueSerializer::getValues::vals::&lt;LiteralUnlimitedNatural>" xmi:id="_T0LUkYxKEdusPrxthOfM0w" xsi:type="uml:LiteralUnlimitedNatural"/><element name="" publish:icon="32507827.jpeg" publish:qualifiedname="architecture::objndx::IValueSerializer::getValues::vals::&lt;LiteralInteger>" xmi:id="_T0LUkIxKEdusPrxthOfM0w" xsi:type="uml:LiteralInteger"/><element name="" publish:icon="7669561.jpeg" publish:qualifiedname="architecture::objndx::IValueSerializer::putValues::vals::&lt;LiteralUnlimitedNatural>" xmi:id="_ZQaTwYxKEdusPrxthOfM0w" xsi:type="uml:LiteralUnlimitedNatural"/><element name="" publish:icon="32507827.jpeg" publish:qualifiedname="architecture::objndx::IValueSerializer::putValues::vals::&lt;LiteralInteger>" xmi:id="_ZQaTwIxKEdusPrxthOfM0w" xsi:type="uml:LiteralInteger"/><element name="KeyValueIterator" publish:icon="1640237.jpeg" publish:qualifiedname="architecture::objndx::KeyValueIterator" xmi:id="_zJ9WkIxIEdusPrxthOfM0w" xsi:type="uml:Interface"/><element name="AbstractBTree" publish:icon="29165423.jpeg" publish:qualifiedname="architecture::objndx::AbstractBTree" xmi:id="_WnPjsJAcEduWfNtJ0THKPQ" xsi:type="uml:Class"/><element name="" publish:icon="16254927.jpeg" publish:qualifiedname="architecture::objndx::AbstractBTree::&lt;Implementation>::&lt;OpaqueExpression>" xmi:id="_rO2_8c19EduTE5xAot6nFA" xsi:type="uml:OpaqueExpression"/><element name="" publish:icon="16254927.jpeg" publish:qualifiedname="architecture::objndx::AbstractBTree::&lt;Implementation>::&lt;OpaqueExpression>" xmi:id="_sHyMAc19EduTE5xAot6nFA" xsi:type="uml:OpaqueExpression"/><element name="" publish:icon="7669561.jpeg" publish:qualifiedname="architecture::objndx::AbstractBTree::root::&lt;LiteralUnlimitedNatural>" xmi:id="_ycUcNIxCEdusPrxthOfM0w" xsi:type="uml:LiteralUnlimitedNatural"/><element name="" publish:icon="32507827.jpeg" publish:qualifiedname="architecture::objndx::AbstractBTree::root::&lt;LiteralInteger>" xmi:id="_ycUcM4xCEdusPrxthOfM0w" xsi:type="uml:LiteralInteger"/><element name="AbstractNode" publish:icon="29165423.jpeg" publish:qualifiedname="architecture::objndx::AbstractNode" xmi:id="_udXTUIxCEdusPrxthOfM0w" xsi:type="uml:Class"/><element name="" publish:icon="16254927.jpeg" publish:qualifiedname="architecture::objndx::AbstractNode::&lt;Implementation>::&lt;OpaqueExpression>" xmi:id="_boDLcYxIEdusPrxthOfM0w" xsi:type="uml:OpaqueExpression"/><element name="BatchContains" publish:icon="29165423.jpeg" publish:qualifiedname="architecture::objndx::BatchContains" xmi:id="_CKxiEM1-EduTE5xAot6nFA" xsi:type="uml:Class"/><element name="" publish:icon="16254927.jpeg" publish:qualifiedname="architecture::objndx::BatchContains::&lt;Implementation>::&lt;OpaqueExpression>" xmi:id="_NuxJsc1-EduTE5xAot6nFA" xsi:type="uml:OpaqueExpression"/><element name="BatchInsert" publish:icon="29165423.jpeg" publish:qualifiedname="architecture::objndx::BatchInsert" xmi:id="_B99OEM1-EduTE5xAot6nFA" xsi:type="uml:Class"/><element name="" publish:icon="16254927.jpeg" publish:qualifiedname="architecture::objndx::BatchInsert::&lt;Implementation>::&lt;OpaqueExpression>" xmi:id="_MNm48c1-EduTE5xAot6nFA" xsi:type="uml:OpaqueExpression"/><element name="BatchLookup" publish:icon="29165423.jpeg" publish:qualifiedname="architecture::objndx::BatchLookup" xmi:id="_CEOOIM1-EduTE5xAot6nFA" xsi:type="uml:Class"/><element name="" publish:icon="16254927.jpeg" publish:qualifiedname="architecture::objndx::BatchLookup::&lt;Implementation>::&lt;OpaqueExpression>" xmi:id="_M_YUIc1-EduTE5xAot6nFA" xsi:type="uml:OpaqueExpression"/><element name="BatchRemove" publish:icon="29165423.jpeg" publish:qualifiedname="architecture::objndx::BatchRemove" xmi:id="_B4cb8M1-EduTE5xAot6nFA" xsi:type="uml:Class"/><element name="" publish:icon="16254927.jpeg" publish:qualifiedname="architecture::objndx::BatchRemove::&lt;Implementation>::&lt;OpaqueExpression>" xmi:id="_OixZgc1-EduTE5xAot6nFA" xsi:type="uml:OpaqueExpression"/><element name="BTree" publish:icon="29165423.jpeg" publish:qualifiedname="architecture::objndx::BTree" xmi:id="_24SEkIqqEduD57FOfu5USw" xsi:type="uml:Class"/><element name="" publish:icon="16254927.jpeg" publish:qualifiedname="architecture::objndx::BTree::&lt;Implementation>::&lt;OpaqueExpression>" xmi:id="_cJ-Ykc2KEduTE5xAot6nFA" xsi:type="uml:OpaqueExpression"/><element name="Leaf" publish:icon="29165423.jpeg" publish:qualifiedname="architecture::objndx::Leaf" xmi:id="_siuyoIxCEdusPrxthOfM0w" xsi:type="uml:Class"/><element name="" publish:icon="16254927.jpeg" publish:qualifiedname="architecture::objndx::Leaf::&lt;Implementation>::&lt;OpaqueExpression>" xmi:id="_i0ye8YxIEdusPrxthOfM0w" xsi:type="uml:OpaqueExpression"/><element name="" publish:icon="16254927.jpeg" publish:qualifiedname="architecture::objndx::Leaf::&lt;Implementation>::&lt;OpaqueExpression>" xmi:id="_1xcSwI9UEdusPrxthOfM0w" xsi:type="uml:OpaqueExpression"/><element name="" publish:icon="7669561.jpeg" publish:qualifiedname="architecture::objndx::Leaf::values::&lt;LiteralUnlimitedNatural>" xmi:id="_GBRagZAdEduWfNtJ0THKPQ" xsi:type="uml:LiteralUnlimitedNatural"/><element name="" publish:icon="32507827.jpeg" publish:qualifiedname="architecture::objndx::Leaf::values::&lt;LiteralInteger>" xmi:id="_GBRagJAdEduWfNtJ0THKPQ" xsi:type="uml:LiteralInteger"/><element name="Node" publish:icon="29165423.jpeg" publish:qualifiedname="architecture::objndx::Node" xmi:id="_t5me8IxCEdusPrxthOfM0w" xsi:type="uml:Class"/><element name="" publish:icon="16254927.jpeg" publish:qualifiedname="architecture::objndx::Node::&lt;Implementation>::&lt;OpaqueExpression>" xmi:id="_iMQfUYxIEdusPrxthOfM0w" xsi:type="uml:OpaqueExpression"/><element name="" publish:icon="16254927.jpeg" publish:qualifiedname="architecture::objndx::Node::&lt;Implementation>::&lt;OpaqueExpression>" xmi:id="_2raAoY9UEdusPrxthOfM0w" xsi:type="uml:OpaqueExpression"/><element name="" publish:icon="7669561.jpeg" publish:qualifiedname="architecture::objndx::Node::childRefs::&lt;LiteralUnlimitedNatural>" xmi:id="_I8RzEZAdEduWfNtJ0THKPQ" xsi:type="uml:LiteralUnlimitedNatural"/><element name="" publish:icon="32507827.jpeg" publish:qualifiedname="architecture::objndx::Node::childRefs::&lt;LiteralInteger>" xmi:id="_I8RzEJAdEduWfNtJ0THKPQ" xsi:type="uml:LiteralInteger"/><element name="" publish:icon="7669561.jpeg" publish:qualifiedname="architecture::objndx::Node::childAddr::&lt;LiteralUnlimitedNatural>" xmi:id="_Km0pUZAdEduWfNtJ0THKPQ" xsi:type="uml:LiteralUnlimitedNatural"/><element name="" publish:icon="32507827.jpeg" publish:qualifiedname="architecture::objndx::Node::childAddr::&lt;LiteralInteger>" xmi:id="_Km0pUJAdEduWfNtJ0THKPQ" xsi:type="uml:LiteralInteger"/><element name="NodeSerializer" publish:icon="29165423.jpeg" publish:qualifiedname="architecture::objndx::NodeSerializer" xmi:id="_WG8asIxFEdusPrxthOfM0w" xsi:type="uml:Class"/><element name="" publish:icon="7669561.jpeg" publish:qualifiedname="architecture::objndx::NodeSerializer::ikeyserializer::&lt;LiteralUnlimitedNatural>" xmi:id="_a7sw5IxKEdusPrxthOfM0w" xsi:type="uml:LiteralUnlimitedNatural"/><element name="" publish:icon="32507827.jpeg" publish:qualifiedname="architecture::objndx::NodeSerializer::ikeyserializer::&lt;LiteralInteger>" xmi:id="_a7sw44xKEdusPrxthOfM0w" xsi:type="uml:LiteralInteger"/><element name="" publish:icon="7669561.jpeg" publish:qualifiedname="architecture::objndx::NodeSerializer::ivalueserializer::&lt;LiteralUnlimitedNatural>" xmi:id="_bjyrpIxKEdusPrxthOfM0w" xsi:type="uml:LiteralUnlimitedNatural"/><element name="" publish:icon="32507827.jpeg" publish:qualifiedname="architecture::objndx::NodeSerializer::ivalueserializer::&lt;LiteralInteger>" xmi:id="_bjyro4xKEdusPrxthOfM0w" xsi:type="uml:LiteralInteger"/><element name="" publish:icon="1640379.jpeg" publish:qualifiedname="architecture::objndx::&lt;Association>" xmi:id="_bjyroIxKEdusPrxthOfM0w" xsi:type="uml:Association"/><element name="" publish:icon="1640379.jpeg" publish:qualifiedname="architecture::objndx::&lt;Association>" xmi:id="_a7sw4IxKEdusPrxthOfM0w" xsi:type="uml:Association"/><element name="" publish:icon="1509185.jpeg" publish:qualifiedname="architecture::objndx::&lt;Usage>" xmi:id="_yi2f8IqrEduD57FOfu5USw" xsi:type="uml:Usage"/><element name="" publish:icon="1640379.jpeg" publish:qualifiedname="architecture::objndx::&lt;Association>" xmi:id="_ycUcMIxCEdusPrxthOfM0w" xsi:type="uml:Association"/><element name="" publish:icon="1509185.jpeg" publish:qualifiedname="architecture::objndx::&lt;Usage>" xmi:id="_FZld8JIWEduWfNtJ0THKPQ" xsi:type="uml:Usage"/><element name="" publish:icon="1509185.jpeg" publish:qualifiedname="architecture::objndx::&lt;Usage>" xmi:id="_v026sM19EduTE5xAot6nFA" xsi:type="uml:Usage"/><element name="IRawStore" publish:icon="1640237.jpeg" publish:qualifiedname="architecture::rawstore::IRawStore" xmi:id="_I0-wIIqqEduD57FOfu5USw" xsi:type="uml:Interface"/></publish:elements>