<?xml version="1.0" encoding="UTF-8"?>
<ownedMember name="isolation" publish:icon="848955375.jpeg" publish:modelname="architecture" publish:qualifiedname="architecture::isolation" publish:toplevelguid="_EWlSMIqqEduD57FOfu5USw" xmi:id="_FjcUwM2DEduTE5xAot6nFA" xmi:version="2.0" xmlns:com.ibm.xtools.notation="http:///com/ibm/xtools/notation.ecore" xmlns:publish="http://www.ibm.com/Rational/XTools/Publish" xmlns:uml="http://www.eclipse.org/uml2/1.0.0/UML" xmlns:xmi="http://www.omg.org/XMI" xmlns:xsi="http://www.w3.org/2001/XMLSchema-instance" xsi:type="uml:Package"><contents Type="Class" name="Main" publish:icon="17368741.jpeg" publish:imageType="JPEG" publish:qualifiedname="architecture::isolation::Main" xmi:id="_DxxfoM1_EduTE5xAot6nFA" xsi:type="notation:Diagram"><publish:partInfo name="" publish:partLowerX="601" publish:partLowerY="695" publish:partUpperX="377" publish:partUpperY="537" xmi:id="_vSFdcM2AEduTE5xAot6nFA"/><publish:partInfo name="" publish:partLowerX="814" publish:partLowerY="502" publish:partUpperX="409" publish:partUpperY="348" xmi:id="_iyBEkM1_EduTE5xAot6nFA"/><publish:partInfo name="" publish:partLowerX="605" publish:partLowerY="502" publish:partUpperX="386" publish:partUpperY="357" xmi:id="_h5F4gM1_EduTE5xAot6nFA"/><publish:partInfo name="" publish:partLowerX="707" publish:partLowerY="190" publish:partUpperX="597" publish:partUpperY="120" xmi:id="_rO2_8M19EduTE5xAot6nFA"/><publish:partInfo name="" publish:partLowerX="677" publish:partLowerY="695" publish:partUpperX="599" publish:partUpperY="528" xmi:id="_zpU8wM17EduTE5xAot6nFA"/><publish:partInfo name="IIndex" publish:partLowerX="614" publish:partLowerY="143" publish:partUpperX="527" publish:partUpperY="82" xmi:id="_0cxWcM18EduTE5xAot6nFA"/><publish:partInfo name="UnisolatedIndexSegment" publish:partLowerX="972" publish:partLowerY="538" publish:partUpperX="774" publish:partUpperY="491" xmi:id="_X4VlQM1_EduTE5xAot6nFA"/><publish:partInfo name="IndexSegment" publish:partLowerX="948" publish:partLowerY="389" publish:partUpperX="814" publish:partUpperY="321" xmi:id="_tQLHcIxCEdusPrxthOfM0w"/><publish:partInfo name="AbstractBTree" publish:partLowerX="814" publish:partLowerY="235" publish:partUpperX="683" publish:partUpperY="178" xmi:id="_WnPjsJAcEduWfNtJ0THKPQ"/><publish:partInfo name="BTree" publish:partLowerX="671" publish:partLowerY="369" publish:partUpperX="593" publish:partUpperY="322" xmi:id="_24SEkIqqEduD57FOfu5USw"/><publish:partInfo name="UnisolatedBTree" publish:partLowerX="747" publish:partLowerY="543" publish:partUpperX="527" publish:partUpperY="491" xmi:id="_nWZLgM17EduTE5xAot6nFA"/><publish:partInfo name="IIsolatableIndex" publish:partLowerX="425" publish:partLowerY="371" publish:partUpperX="281" publish:partUpperY="310" xmi:id="_lo7zIIrrEduD57FOfu5USw"/><publish:partInfo name="IIsolatedIndex" publish:partLowerX="415" publish:partLowerY="552" publish:partUpperX="281" publish:partUpperY="491" xmi:id="_Nk9tUIqqEduD57FOfu5USw"/><publish:partInfo name="IsolatedBTree" publish:partLowerX="803" publish:partLowerY="751" publish:partUpperX="479" publish:partUpperY="683" xmi:id="_Ckj08IrsEduD57FOfu5USw"/></contents><ownedMember name="IConflictResolver" publish:icon="1640237.jpeg" publish:qualifiedname="architecture::isolation::IConflictResolver" xmi:id="_0KPUoM1_EduTE5xAot6nFA" xsi:type="uml:Interface"/><ownedMember name="IIsolatableIndex" publish:icon="1640237.jpeg" publish:qualifiedname="architecture::isolation::IIsolatableIndex" xmi:id="_lo7zIIrrEduD57FOfu5USw" xsi:type="uml:Interface"><ownedComment annotatedElement="_lo7zIIrrEduD57FOfu5USw" body="(1)" name="" publish:icon="33556171.jpeg" publish:qualifiedname="architecture::isolation::IIsolatableIndex::&lt;Comment>" xmi:id="_jxIfYItsEdusPrxthOfM0w" xsi:type="uml:Comment"/></ownedMember><ownedMember name="IIsolatedIndex" publish:icon="1640237.jpeg" publish:qualifiedname="architecture::isolation::IIsolatedIndex" xmi:id="_Nk9tUIqqEduD57FOfu5USw" xsi:type="uml:Interface"/><ownedMember name="IsolatedBTree" publish:icon="29165423.jpeg" publish:qualifiedname="architecture::isolation::IsolatedBTree" xmi:id="_Ckj08IrsEduD57FOfu5USw" xsi:type="uml:Class"><implementation name="" publish:icon="1836759.jpeg" publish:qualifiedname="architecture::isolation::IsolatedBTree::&lt;Implementation>" xmi:id="_vSFdcM2AEduTE5xAot6nFA" xsi:type="uml:Implementation"><mapping name="" publish:icon="16254927.jpeg" publish:qualifiedname="architecture::isolation::IsolatedBTree::&lt;Implementation>::&lt;OpaqueExpression>" xmi:id="_vSFdcc2AEduTE5xAot6nFA" xsi:type="uml:OpaqueExpression"><upperValue name="" publish:icon="7669561.jpeg" publish:qualifiedname="architecture::isolation::IsolatedBTree::src::&lt;LiteralUnlimitedNatural>" xmi:id="_zpU8xM17EduTE5xAot6nFA" xsi:type="uml:LiteralUnlimitedNatural"/><lowerValue name="" publish:icon="32507827.jpeg" publish:qualifiedname="architecture::isolation::IsolatedBTree::src::&lt;LiteralInteger>" xmi:id="_zpU8w817EduTE5xAot6nFA" xsi:type="uml:LiteralInteger"><returnResult name="ReturnResult" publish:icon="1127417625.jpeg" publish:qualifiedname="architecture::isolation::IsolatedBTree::validate::ReturnResult" publish:type="void" publish:typeid="_hcgqEoqrEduD57FOfu5USw" xmi:id="_b62Q8IquEduD57FOfu5USw" xsi:type="uml:Parameter"/><ownedParameter name="globalScope" publish:icon="54396635.jpeg" publish:qualifiedname="architecture::isolation::IsolatedBTree::validate::globalScope" publish:type="UnisolatedBTree" publish:typeid="_nWZLgM17EduTE5xAot6nFA" xmi:id="_MPyi4M2BEduTE5xAot6nFA" xsi:type="uml:Parameter"><returnResult name="ReturnResult" publish:icon="1127417625.jpeg" publish:qualifiedname="architecture::isolation::IsolatedBTree::mergeDown::ReturnResult" publish:type="void" publish:typeid="_hcgqEoqrEduD57FOfu5USw" xmi:id="_as6eMIquEduD57FOfu5USw" xsi:type="uml:Parameter"/><ownedParameter name="globalScope" publish:icon="54396635.jpeg" publish:qualifiedname="architecture::isolation::IsolatedBTree::mergeDown::globalScope" publish:type="UnisolatedBTree" publish:typeid="_nWZLgM17EduTE5xAot6nFA" xmi:id="_NmEZUM2BEduTE5xAot6nFA" xsi:type="uml:Parameter"/></ownedParameter></lowerValue></mapping></implementation></ownedMember><ownedMember name="UnisolatedBTree" publish:icon="29165423.jpeg" publish:qualifiedname="architecture::isolation::UnisolatedBTree" xmi:id="_nWZLgM17EduTE5xAot6nFA" xsi:type="uml:Class"><implementation name="" publish:icon="1836759.jpeg" publish:qualifiedname="architecture::isolation::UnisolatedBTree::&lt;Implementation>" xmi:id="_h5F4gM1_EduTE5xAot6nFA" xsi:type="uml:Implementation"><mapping name="" publish:icon="16254927.jpeg" publish:qualifiedname="architecture::isolation::UnisolatedBTree::&lt;Implementation>::&lt;OpaqueExpression>" xmi:id="_h5F4gc1_EduTE5xAot6nFA" xsi:type="uml:OpaqueExpression"/></implementation></ownedMember><ownedMember name="UnisolatedIndexSegment" publish:icon="29165423.jpeg" publish:qualifiedname="architecture::isolation::UnisolatedIndexSegment" xmi:id="_X4VlQM1_EduTE5xAot6nFA" xsi:type="uml:Class"><implementation name="" publish:icon="1836759.jpeg" publish:qualifiedname="architecture::isolation::UnisolatedIndexSegment::&lt;Implementation>" xmi:id="_iyBEkM1_EduTE5xAot6nFA" xsi:type="uml:Implementation"><mapping name="" publish:icon="16254927.jpeg" publish:qualifiedname="architecture::isolation::UnisolatedIndexSegment::&lt;Implementation>::&lt;OpaqueExpression>" xmi:id="_iyBEkc1_EduTE5xAot6nFA" xsi:type="uml:OpaqueExpression"/></implementation></ownedMember><ownedMember name="" publish:icon="1640379.jpeg" publish:qualifiedname="architecture::isolation::&lt;Association>" xmi:id="_zpU8wM17EduTE5xAot6nFA" xsi:type="uml:Association"/></ownedMember>