<?xml version="1.0" encoding="UTF-8"?>
<ownedMember name="om" publish:icon="848955375.jpeg" publish:modelname="architecture" publish:qualifiedname="architecture::om" publish:toplevelguid="_EWlSMIqqEduD57FOfu5USw" xmi:id="_QP32sM2NEduTE5xAot6nFA" xmi:version="2.0" xmlns:com.ibm.xtools.notation="http:///com/ibm/xtools/notation.ecore" xmlns:publish="http://www.ibm.com/Rational/XTools/Publish" xmlns:uml="http://www.eclipse.org/uml2/1.0.0/UML" xmlns:xmi="http://www.omg.org/XMI" xmlns:xsi="http://www.w3.org/2001/XMLSchema-instance" xsi:type="uml:Package"><contents Type="Class" name="Main" publish:icon="17368741.jpeg" publish:imageType="JPEG" publish:qualifiedname="architecture::om::Main" xmi:id="_EWlSMoqqEduD57FOfu5USw" xsi:type="notation:Diagram"><publish:partInfo name="IOM" publish:partLowerX="191" publish:partLowerY="238" publish:partUpperX="32" publish:partUpperY="140" xmi:id="_ebQd8IsLEduD57FOfu5USw"/><publish:partInfo name="ExtSerIndex" publish:partLowerX="442" publish:partLowerY="249" publish:partUpperX="323" publish:partUpperY="202" xmi:id="_VpmQgIsKEduD57FOfu5USw"/><publish:partInfo name="ObjectIndex" publish:partLowerX="442" publish:partLowerY="189" publish:partUpperX="323" publish:partUpperY="142" xmi:id="_UqkccIsKEduD57FOfu5USw"/><publish:partInfo name="" publish:partLowerX="330" publish:partLowerY="60" publish:partUpperX="10" publish:partUpperY="10" xmi:id="_EWlSMIqqEduD57FOfu5USw"/></contents><ownedMember name="ObjectIndex" publish:icon="29165423.jpeg" publish:qualifiedname="architecture::om::ObjectIndex" xmi:id="_UqkccIsKEduD57FOfu5USw" xsi:type="uml:Class"/><ownedMember name="ExtSerIndex" publish:icon="29165423.jpeg" publish:qualifiedname="architecture::om::ExtSerIndex" xmi:id="_VpmQgIsKEduD57FOfu5USw" xsi:type="uml:Class"/><ownedMember name="IOM" publish:icon="1640237.jpeg" publish:qualifiedname="architecture::om::IOM" xmi:id="_ebQd8IsLEduD57FOfu5USw" xsi:type="uml:Interface"><returnResult name="ReturnResult" publish:icon="1127417625.jpeg" publish:qualifiedname="architecture::om::IOM::delete::ReturnResult" publish:type="void" publish:typeid="_hcgqEoqrEduD57FOfu5USw" xmi:id="_tmniwYroEduD57FOfu5USw" xsi:type="uml:Parameter"/><ownedParameter name="long" publish:icon="54396635.jpeg" publish:qualifiedname="architecture::om::IOM::delete::long" xmi:id="_tmniwIroEduD57FOfu5USw" xsi:type="uml:Parameter"><returnResult name="ReturnResult" publish:icon="1127417625.jpeg" publish:qualifiedname="architecture::om::IOM::fetch::ReturnResult" publish:type="Object" publish:typeid="_Co8PMYqrEduD57FOfu5USw" xmi:id="_sw-UMYroEduD57FOfu5USw" xsi:type="uml:Parameter"/><ownedParameter name="long" publish:icon="54396635.jpeg" publish:qualifiedname="architecture::om::IOM::fetch::long" xmi:id="_sw-UMIroEduD57FOfu5USw" xsi:type="uml:Parameter"><returnResult name="ReturnResult" publish:icon="1127417625.jpeg" publish:qualifiedname="architecture::om::IOM::insert::ReturnResult" publish:type="long" publish:typeid="_TEqawYqrEduD57FOfu5USw" xmi:id="_qnIS0YroEduD57FOfu5USw" xsi:type="uml:Parameter"/><ownedParameter name="Object" publish:icon="54396635.jpeg" publish:qualifiedname="architecture::om::IOM::insert::Object" xmi:id="_qnIS0IroEduD57FOfu5USw" xsi:type="uml:Parameter"/></ownedParameter></ownedParameter></ownedMember></ownedMember>