<?xml version="1.0" encoding="UTF-8"?>
<ownedMember name="objndx" publish:icon="848955375.jpeg" publish:modelname="architecture" publish:qualifiedname="architecture::objndx" publish:toplevelguid="_EWlSMIqqEduD57FOfu5USw" xmi:id="_uAV20M2CEduTE5xAot6nFA" xmi:version="2.0" xmlns:com.ibm.xtools.notation="http:///com/ibm/xtools/notation.ecore" xmlns:publish="http://www.ibm.com/Rational/XTools/Publish" xmlns:uml="http://www.eclipse.org/uml2/1.0.0/UML" xmlns:xmi="http://www.omg.org/XMI" xmlns:xsi="http://www.w3.org/2001/XMLSchema-instance" xsi:type="uml:Package"><contents Type="Class" name="BTree classes" publish:icon="17368741.jpeg" publish:imageType="JPEG" publish:qualifiedname="architecture::objndx::BTree classes" xmi:id="_y3gRcIxEEdusPrxthOfM0w" xsi:type="notation:Diagram"><publish:partInfo name="" publish:partLowerX="225" publish:partLowerY="308" publish:partUpperX="154" publish:partUpperY="223" xmi:id="_OixZgM1-EduTE5xAot6nFA"/><publish:partInfo name="" publish:partLowerX="234" publish:partLowerY="381" publish:partUpperX="146" publish:partUpperY="223" xmi:id="_NuxJsM1-EduTE5xAot6nFA"/><publish:partInfo name="" publish:partLowerX="146" publish:partLowerY="382" publish:partUpperX="66" publish:partUpperY="223" xmi:id="_M_YUIM1-EduTE5xAot6nFA"/><publish:partInfo name="" publish:partLowerX="137" publish:partLowerY="308" publish:partUpperX="70" publish:partUpperY="223" xmi:id="_MNm48M1-EduTE5xAot6nFA"/><publish:partInfo name="" publish:partLowerX="358" publish:partLowerY="251" publish:partUpperX="181" publish:partUpperY="197" xmi:id="_v026sM19EduTE5xAot6nFA"/><publish:partInfo name="" publish:partLowerX="577" publish:partLowerY="514" publish:partUpperX="462" publish:partUpperY="420" xmi:id="_sHyMAM19EduTE5xAot6nFA"/><publish:partInfo name="" publish:partLowerX="622" publish:partLowerY="514" publish:partUpperX="584" publish:partUpperY="393" xmi:id="_rO2_8M19EduTE5xAot6nFA"/><publish:partInfo name="BatchContains" publish:partLowerX="301" publish:partLowerY="416" publish:partUpperX="168" publish:partUpperY="369" xmi:id="_CKxiEM1-EduTE5xAot6nFA"/><publish:partInfo name="BatchLookup" publish:partLowerX="135" publish:partLowerY="418" publish:partUpperX="10" publish:partUpperY="371" xmi:id="_CEOOIM1-EduTE5xAot6nFA"/><publish:partInfo name="BatchInsert" publish:partLowerX="128" publish:partLowerY="344" publish:partUpperX="12" publish:partUpperY="297" xmi:id="_B99OEM1-EduTE5xAot6nFA"/><publish:partInfo name="BatchRemove" publish:partLowerX="296" publish:partLowerY="344" publish:partUpperX="168" publish:partUpperY="297" xmi:id="_B4cb8M1-EduTE5xAot6nFA"/><publish:partInfo name="ILinearList" publish:partLowerX="479" publish:partLowerY="445" publish:partUpperX="371" publish:partUpperY="347" xmi:id="_U8E6YM19EduTE5xAot6nFA"/><publish:partInfo name="IIndex" publish:partLowerX="650" publish:partLowerY="408" publish:partUpperX="563" publish:partUpperY="347" xmi:id="_0cxWcM18EduTE5xAot6nFA"/><publish:partInfo name="IBatchOp" publish:partLowerX="197" publish:partLowerY="237" publish:partUpperX="96" publish:partUpperY="176" xmi:id="_xIlB0M18EduTE5xAot6nFA"/><publish:partInfo name="IBatchBTree" publish:partLowerX="477" publish:partLowerY="280" publish:partUpperX="347" publish:partUpperY="166" xmi:id="_wWp1oM18EduTE5xAot6nFA"/><publish:partInfo name="IRangeQuery" publish:partLowerX="665" publish:partLowerY="116" publish:partUpperX="539" publish:partUpperY="34" xmi:id="_fvwU0M18EduTE5xAot6nFA"/><publish:partInfo name="IndexSegment" publish:partLowerX="781" publish:partLowerY="703" publish:partUpperX="647" publish:partUpperY="635" xmi:id="_tQLHcIxCEdusPrxthOfM0w"/><publish:partInfo name="AbstractBTree" publish:partLowerX="670" publish:partLowerY="560" publish:partUpperX="539" publish:partUpperY="503" xmi:id="_WnPjsJAcEduWfNtJ0THKPQ"/><publish:partInfo name="BTree" publish:partLowerX="533" publish:partLowerY="682" publish:partUpperX="455" publish:partUpperY="635" xmi:id="_24SEkIqqEduD57FOfu5USw"/><publish:partInfo name="ISimpleBTree" publish:partLowerX="665" publish:partLowerY="279" publish:partUpperX="542" publish:partUpperY="165" xmi:id="_M267kIqqEduD57FOfu5USw"/></contents><contents Type="Class" name="BTree impl." publish:icon="17368741.jpeg" publish:imageType="JPEG" publish:qualifiedname="architecture::objndx::BTree impl." xmi:id="_5RVuIM17EduTE5xAot6nFA" xsi:type="notation:Diagram"><publish:partInfo name="" publish:partLowerX="461" publish:partLowerY="418" publish:partUpperX="303" publish:partUpperY="258" xmi:id="_boDLcIxIEdusPrxthOfM0w"/><publish:partInfo name="" publish:partLowerX="629" publish:partLowerY="586" publish:partUpperX="357" publish:partUpperY="381" xmi:id="_i0ye8IxIEdusPrxthOfM0w"/><publish:partInfo name="" publish:partLowerX="848" publish:partLowerY="586" publish:partUpperX="688" publish:partUpperY="422" xmi:id="_1xTI0I9UEdusPrxthOfM0w"/><publish:partInfo name="" publish:partLowerX="622" publish:partLowerY="587" publish:partUpperX="399" publish:partUpperY="430" xmi:id="_2raAoI9UEdusPrxthOfM0w"/><publish:partInfo name="" publish:partLowerX="299" publish:partLowerY="587" publish:partUpperX="154" publish:partUpperY="381" xmi:id="_iMQfUIxIEdusPrxthOfM0w"/><publish:partInfo name="" publish:partLowerX="556" publish:partLowerY="418" publish:partUpperX="474" publish:partUpperY="209" xmi:id="_ycUcMIxCEdusPrxthOfM0w"/><publish:partInfo name="AbstractBTree" publish:partLowerX="586" publish:partLowerY="223" publish:partUpperX="455" publish:partUpperY="166" xmi:id="_WnPjsJAcEduWfNtJ0THKPQ"/><publish:partInfo name="" publish:partLowerX="959" publish:partLowerY="517" publish:partUpperX="719" publish:partUpperY="467" xmi:id="_EWlSMIqqEduD57FOfu5USw"/><publish:partInfo name="ILeafData" publish:partLowerX="980" publish:partLowerY="437" publish:partUpperX="803" publish:partUpperY="323" xmi:id="_LYizgI9UEdusPrxthOfM0w"/><publish:partInfo name="INodeData" publish:partLowerX="790" publish:partLowerY="453" publish:partUpperX="611" publish:partUpperY="323" xmi:id="_LRFgoI9UEdusPrxthOfM0w"/><publish:partInfo name="IAbstractNodeData" publish:partLowerX="868" publish:partLowerY="272" publish:partUpperX="683" publish:partUpperY="142" xmi:id="_JXMm0I9UEdusPrxthOfM0w"/><publish:partInfo name="KeyValueIterator" publish:partLowerX="170" publish:partLowerY="653" publish:partUpperX="22" publish:partUpperY="587" xmi:id="_zJ9WkIxIEdusPrxthOfM0w"/><publish:partInfo name="Iterator" publish:partLowerX="134" publish:partLowerY="535" publish:partUpperX="37" publish:partUpperY="437" xmi:id="_tnTmUIxIEdusPrxthOfM0w"/><publish:partInfo name="INode" publish:partLowerX="193" publish:partLowerY="396" publish:partUpperX="106" publish:partUpperY="335" xmi:id="_RAQGUIxIEdusPrxthOfM0w"/><publish:partInfo name="ILeaf" publish:partLowerX="373" publish:partLowerY="396" publish:partUpperX="286" publish:partUpperY="335" xmi:id="_Qdia0IxIEdusPrxthOfM0w"/><publish:partInfo name="IAbstractNode" publish:partLowerX="393" publish:partLowerY="272" publish:partUpperX="118" publish:partUpperY="142" xmi:id="_OaHKgIxIEdusPrxthOfM0w"/><publish:partInfo name="AbstractNode" publish:partLowerX="601" publish:partLowerY="539" publish:partUpperX="431" publish:partUpperY="407" xmi:id="_udXTUIxCEdusPrxthOfM0w"/><publish:partInfo name="Leaf" publish:partLowerX="739" publish:partLowerY="648" publish:partUpperX="601" publish:partUpperY="575" xmi:id="_siuyoIxCEdusPrxthOfM0w"/><publish:partInfo name="Node" publish:partLowerX="428" publish:partLowerY="691" publish:partUpperX="226" publish:partUpperY="575" xmi:id="_t5me8IxCEdusPrxthOfM0w"/></contents><contents Type="Class" name="Serializers" publish:icon="17368741.jpeg" publish:imageType="JPEG" publish:qualifiedname="architecture::objndx::Serializers" xmi:id="_WmApoM2eEdutrbzDPceyvA" xsi:type="notation:Diagram"><publish:partInfo name="" publish:partLowerX="619" publish:partLowerY="234" publish:partUpperX="461" publish:partUpperY="108" xmi:id="_bjyroIxKEdusPrxthOfM0w"/><publish:partInfo name="" publish:partLowerX="374" publish:partLowerY="235" publish:partUpperX="219" publish:partUpperY="107" xmi:id="_a7sw4IxKEdusPrxthOfM0w"/><publish:partInfo name="IValueSerializer" publish:partLowerX="801" publish:partLowerY="301" publish:partUpperX="419" publish:partUpperY="219" xmi:id="_X5O3sIxFEdusPrxthOfM0w"/><publish:partInfo name="IKeySerializer" publish:partLowerX="379" publish:partLowerY="301" publish:partUpperX="10" publish:partUpperY="219" xmi:id="_XGRwwIxFEdusPrxthOfM0w"/><publish:partInfo name="NodeSerializer" publish:partLowerX="683" publish:partLowerY="126" publish:partUpperX="174" publish:partUpperY="10" xmi:id="_WG8asIxFEdusPrxthOfM0w"/></contents><ownedMember name="IndexSegmentBuilder" publish:icon="29165423.jpeg" publish:qualifiedname="architecture::objndx::IndexSegmentBuilder" xmi:id="_mxggIItsEdusPrxthOfM0w" xsi:type="uml:Class"><returnResult name="ReturnResult" publish:icon="1127417625.jpeg" publish:qualifiedname="architecture::objndx::IndexSegmentBuilder::build::ReturnResult" publish:type="File" publish:typeid="_l6Eh0ItsEdusPrxthOfM0w" xmi:id="_pKr-AItsEdusPrxthOfM0w" xsi:type="uml:Parameter"/><ownedParameter name="BTree" publish:icon="54396635.jpeg" publish:qualifiedname="architecture::objndx::IndexSegmentBuilder::build::BTree" xmi:id="_pKi0EItsEdusPrxthOfM0w" xsi:type="uml:Parameter"><returnResult name="ReturnResult" publish:icon="1127417625.jpeg" publish:qualifiedname="architecture::objndx::IndexSegmentBuilder::compact::ReturnResult" publish:type="File" publish:typeid="_l6Eh0ItsEdusPrxthOfM0w" xmi:id="_rGhYkotsEdusPrxthOfM0w" xsi:type="uml:Parameter"/><ownedParameter name="seg1" publish:icon="54396635.jpeg" publish:qualifiedname="architecture::objndx::IndexSegmentBuilder::compact::seg1" publish:type="File" publish:typeid="_l6Eh0ItsEdusPrxthOfM0w" xmi:id="_rGhYkItsEdusPrxthOfM0w" xsi:type="uml:Parameter"/><ownedParameter name="seg2" publish:icon="54396635.jpeg" publish:qualifiedname="architecture::objndx::IndexSegmentBuilder::compact::seg2" publish:type="File" publish:typeid="_l6Eh0ItsEdusPrxthOfM0w" xmi:id="_rGhYkYtsEdusPrxthOfM0w" xsi:type="uml:Parameter"><returnResult name="ReturnResult" publish:icon="1127417625.jpeg" publish:qualifiedname="architecture::objndx::IndexSegmentBuilder::compact::ReturnResult" publish:type="File" publish:typeid="_l6Eh0ItsEdusPrxthOfM0w" xmi:id="_tknys4tsEdusPrxthOfM0w" xsi:type="uml:Parameter"/><ownedParameter name="seg" publish:icon="54396635.jpeg" publish:qualifiedname="architecture::objndx::IndexSegmentBuilder::compact::seg" publish:type="File" publish:typeid="_l6Eh0ItsEdusPrxthOfM0w" xmi:id="_tknysItsEdusPrxthOfM0w" xsi:type="uml:Parameter"><upperValue name="" publish:icon="7669561.jpeg" publish:qualifiedname="architecture::objndx::IndexSegmentBuilder::compact::seg::&lt;LiteralUnlimitedNatural>" xmi:id="_tknysotsEdusPrxthOfM0w" xsi:type="uml:LiteralUnlimitedNatural"/><lowerValue name="" publish:icon="32507827.jpeg" publish:qualifiedname="architecture::objndx::IndexSegmentBuilder::compact::seg::&lt;LiteralInteger>" xmi:id="_tknysYtsEdusPrxthOfM0w" xsi:type="uml:LiteralInteger"/></ownedParameter></ownedParameter></ownedParameter></ownedMember><ownedMember name="IndexSegment" publish:icon="29165423.jpeg" publish:qualifiedname="architecture::objndx::IndexSegment" xmi:id="_tQLHcIxCEdusPrxthOfM0w" xsi:type="uml:Class"/><ownedMember name="IAbstractNode" publish:icon="1640237.jpeg" publish:qualifiedname="architecture::objndx::IAbstractNode" xmi:id="_OaHKgIxIEdusPrxthOfM0w" xsi:type="uml:Interface"><returnResult name="ReturnResult" publish:icon="1127417625.jpeg" publish:qualifiedname="architecture::objndx::IAbstractNode::lookup::ReturnResult" publish:type="Object" publish:typeid="_Co8PMYqrEduD57FOfu5USw" xmi:id="_-74-cYxGEdusPrxthOfM0w" xsi:type="uml:Parameter"/><ownedParameter name="key" publish:icon="54396635.jpeg" publish:qualifiedname="architecture::objndx::IAbstractNode::lookup::key" publish:type="Object" publish:typeid="_Co8PMYqrEduD57FOfu5USw" xmi:id="_-74-cIxGEdusPrxthOfM0w" xsi:type="uml:Parameter"><returnResult name="ReturnResult" publish:icon="1127417625.jpeg" publish:qualifiedname="architecture::objndx::IAbstractNode::insert::ReturnResult" publish:type="Object" publish:typeid="_Co8PMYqrEduD57FOfu5USw" xmi:id="_7ZP-IoxGEdusPrxthOfM0w" xsi:type="uml:Parameter"/><ownedParameter name="key" publish:icon="54396635.jpeg" publish:qualifiedname="architecture::objndx::IAbstractNode::insert::key" publish:type="Object" publish:typeid="_Co8PMYqrEduD57FOfu5USw" xmi:id="_7ZP-IIxGEdusPrxthOfM0w" xsi:type="uml:Parameter"/><ownedParameter name="val" publish:icon="54396635.jpeg" publish:qualifiedname="architecture::objndx::IAbstractNode::insert::val" publish:type="Object" publish:typeid="_Co8PMYqrEduD57FOfu5USw" xmi:id="_7ZP-IYxGEdusPrxthOfM0w" xsi:type="uml:Parameter"><returnResult name="ReturnResult" publish:icon="1127417625.jpeg" publish:qualifiedname="architecture::objndx::IAbstractNode::remove::ReturnResult" publish:type="Object" publish:typeid="_Co8PMYqrEduD57FOfu5USw" xmi:id="_9ZGWAYxGEdusPrxthOfM0w" xsi:type="uml:Parameter"/><ownedParameter name="key" publish:icon="54396635.jpeg" publish:qualifiedname="architecture::objndx::IAbstractNode::remove::key" publish:type="Object" publish:typeid="_Co8PMYqrEduD57FOfu5USw" xmi:id="_9ZGWAIxGEdusPrxthOfM0w" xsi:type="uml:Parameter"><returnResult name="ReturnResult" publish:icon="1127417625.jpeg" publish:qualifiedname="architecture::objndx::IAbstractNode::entryIterator::ReturnResult" publish:type="KeyValueIterator" publish:typeid="_zJ9WkIxIEdusPrxthOfM0w" xmi:id="_EQTMcIxJEdusPrxthOfM0w" xsi:type="uml:Parameter"><returnResult name="ReturnResult" publish:icon="1127417625.jpeg" publish:qualifiedname="architecture::objndx::IAbstractNode::postOrderIterator::ReturnResult" publish:type="Iterator" publish:typeid="_tnTmUIxIEdusPrxthOfM0w" xmi:id="_CL0zQIxJEdusPrxthOfM0w" xsi:type="uml:Parameter"/></returnResult></ownedParameter></ownedParameter></ownedParameter></ownedMember><ownedMember name="IAbstractNodeData" publish:icon="1640237.jpeg" publish:qualifiedname="architecture::objndx::IAbstractNodeData" xmi:id="_JXMm0I9UEdusPrxthOfM0w" xsi:type="uml:Interface"><returnResult name="ReturnResult" publish:icon="1127417625.jpeg" publish:qualifiedname="architecture::objndx::IAbstractNodeData::getKeyType::ReturnResult" xmi:id="_h39fwIxHEdusPrxthOfM0w" xsi:type="uml:Parameter"><returnResult name="ReturnResult" publish:icon="1127417625.jpeg" publish:qualifiedname="architecture::objndx::IAbstractNodeData::getKeys::ReturnResult" publish:type="Object" publish:typeid="_Co8PMYqrEduD57FOfu5USw" xmi:id="_lLaNgIxHEdusPrxthOfM0w" xsi:type="uml:Parameter"><returnResult name="ReturnResult" publish:icon="1127417625.jpeg" publish:qualifiedname="architecture::objndx::IAbstractNodeData::getKeyCount::ReturnResult" publish:type="int" publish:typeid="_eerbcIq1EduD57FOfu5USw" xmi:id="_Am6gYIxIEdusPrxthOfM0w" xsi:type="uml:Parameter"><returnResult name="ReturnResult" publish:icon="1127417625.jpeg" publish:qualifiedname="architecture::objndx::IAbstractNodeData::getBranchingFactor::ReturnResult" publish:type="int" publish:typeid="_eerbcIq1EduD57FOfu5USw" xmi:id="_xjs_4IxHEdusPrxthOfM0w" xsi:type="uml:Parameter"><returnResult name="ReturnResult" publish:icon="1127417625.jpeg" publish:qualifiedname="architecture::objndx::IAbstractNodeData::isLeaf::ReturnResult" publish:type="boolean" publish:typeid="_RSWZgYq0EduD57FOfu5USw" xmi:id="_5dajkIxGEdusPrxthOfM0w" xsi:type="uml:Parameter"/></returnResult></returnResult></returnResult></returnResult></ownedMember><ownedMember name="IBatchBTree" publish:icon="1640237.jpeg" publish:qualifiedname="architecture::objndx::IBatchBTree" xmi:id="_wWp1oM18EduTE5xAot6nFA" xsi:type="uml:Interface"><returnResult name="ReturnResult" publish:icon="1127417625.jpeg" publish:qualifiedname="architecture::objndx::IBatchBTree::batchContains::ReturnResult" publish:type="void" publish:typeid="_hcgqEoqrEduD57FOfu5USw" xmi:id="_XvExAM1-EduTE5xAot6nFA" xsi:type="uml:Parameter"/><ownedParameter name="op" publish:icon="54396635.jpeg" publish:qualifiedname="architecture::objndx::IBatchBTree::batchContains::op" publish:type="BatchContains" publish:typeid="_CKxiEM1-EduTE5xAot6nFA" xmi:id="_VSmukM1-EduTE5xAot6nFA" xsi:type="uml:Parameter"><returnResult name="ReturnResult" publish:icon="1127417625.jpeg" publish:qualifiedname="architecture::objndx::IBatchBTree::batchLookup::ReturnResult" publish:type="void" publish:typeid="_hcgqEoqrEduD57FOfu5USw" xmi:id="_fwj7Mc1-EduTE5xAot6nFA" xsi:type="uml:Parameter"/><ownedParameter name="op" publish:icon="54396635.jpeg" publish:qualifiedname="architecture::objndx::IBatchBTree::batchLookup::op" publish:type="BatchLookup" publish:typeid="_CEOOIM1-EduTE5xAot6nFA" xmi:id="_fwj7MM1-EduTE5xAot6nFA" xsi:type="uml:Parameter"><returnResult name="ReturnResult" publish:icon="1127417625.jpeg" publish:qualifiedname="architecture::objndx::IBatchBTree::batchInsert::ReturnResult" publish:type="void" publish:typeid="_hcgqEoqrEduD57FOfu5USw" xmi:id="_ltSYUM1-EduTE5xAot6nFA" xsi:type="uml:Parameter"/><ownedParameter name="op" publish:icon="54396635.jpeg" publish:qualifiedname="architecture::objndx::IBatchBTree::batchInsert::op" publish:type="BatchInsert" publish:typeid="_B99OEM1-EduTE5xAot6nFA" xmi:id="_ltJOYM1-EduTE5xAot6nFA" xsi:type="uml:Parameter"><returnResult name="ReturnResult" publish:icon="1127417625.jpeg" publish:qualifiedname="architecture::objndx::IBatchBTree::batchRemove::ReturnResult" publish:type="void" publish:typeid="_hcgqEoqrEduD57FOfu5USw" xmi:id="_nyNdcM1-EduTE5xAot6nFA" xsi:type="uml:Parameter"/><ownedParameter name="op" publish:icon="54396635.jpeg" publish:qualifiedname="architecture::objndx::IBatchBTree::batchRemove::op" publish:type="BatchRemove" publish:typeid="_B4cb8M1-EduTE5xAot6nFA" xmi:id="_nyDscM1-EduTE5xAot6nFA" xsi:type="uml:Parameter"/></ownedParameter></ownedParameter></ownedParameter></ownedMember><ownedMember name="IBatchOp" publish:icon="1640237.jpeg" publish:qualifiedname="architecture::objndx::IBatchOp" xmi:id="_xIlB0M18EduTE5xAot6nFA" xsi:type="uml:Interface"/><ownedMember name="IIndex" publish:icon="1640237.jpeg" publish:qualifiedname="architecture::objndx::IIndex" xmi:id="_0cxWcM18EduTE5xAot6nFA" xsi:type="uml:Interface"/><ownedMember name="IKeySerializer" publish:icon="1640237.jpeg" publish:qualifiedname="architecture::objndx::IKeySerializer" xmi:id="_XGRwwIxFEdusPrxthOfM0w" xsi:type="uml:Interface"><returnResult name="ReturnResult" publish:icon="1127417625.jpeg" publish:qualifiedname="architecture::objndx::IKeySerializer::getKeys::ReturnResult" publish:type="void" publish:typeid="_hcgqEoqrEduD57FOfu5USw" xmi:id="_G8lXEoxKEdusPrxthOfM0w" xsi:type="uml:Parameter"/><ownedParameter name="buf" publish:icon="54396635.jpeg" publish:qualifiedname="architecture::objndx::IKeySerializer::getKeys::buf" publish:type="ByteBuffer" publish:typeid="_a_kRQYqqEduD57FOfu5USw" xmi:id="_D7ngcIxKEdusPrxthOfM0w" xsi:type="uml:Parameter"/><ownedParameter name="keys" publish:icon="54396635.jpeg" publish:qualifiedname="architecture::objndx::IKeySerializer::getKeys::keys" publish:type="Object" publish:typeid="_Co8PMYqrEduD57FOfu5USw" xmi:id="_G8lXEIxKEdusPrxthOfM0w" xsi:type="uml:Parameter"/><ownedParameter name="nkeys" publish:icon="54396635.jpeg" publish:qualifiedname="architecture::objndx::IKeySerializer::getKeys::nkeys" publish:type="int" publish:typeid="_eerbcIq1EduD57FOfu5USw" xmi:id="_G8lXEYxKEdusPrxthOfM0w" xsi:type="uml:Parameter"><returnResult name="ReturnResult" publish:icon="1127417625.jpeg" publish:qualifiedname="architecture::objndx::IKeySerializer::putKeys::ReturnResult" publish:type="void" publish:typeid="_hcgqEoqrEduD57FOfu5USw" xmi:id="_O9Vhc4xKEdusPrxthOfM0w" xsi:type="uml:Parameter"/><ownedParameter name="buf" publish:icon="54396635.jpeg" publish:qualifiedname="architecture::objndx::IKeySerializer::putKeys::buf" publish:type="ByteBuffer" publish:typeid="_a_kRQYqqEduD57FOfu5USw" xmi:id="_O9VhcIxKEdusPrxthOfM0w" xsi:type="uml:Parameter"/><ownedParameter name="keys" publish:icon="54396635.jpeg" publish:qualifiedname="architecture::objndx::IKeySerializer::putKeys::keys" publish:type="Object" publish:typeid="_Co8PMYqrEduD57FOfu5USw" xmi:id="_O9VhcYxKEdusPrxthOfM0w" xsi:type="uml:Parameter"/><ownedParameter name="nkeys" publish:icon="54396635.jpeg" publish:qualifiedname="architecture::objndx::IKeySerializer::putKeys::nkeys" publish:type="int" publish:typeid="_eerbcIq1EduD57FOfu5USw" xmi:id="_O9VhcoxKEdusPrxthOfM0w" xsi:type="uml:Parameter"/></ownedParameter></ownedMember><ownedMember name="ISimpleBTree" publish:icon="1640237.jpeg" publish:qualifiedname="architecture::objndx::ISimpleBTree" xmi:id="_M267kIqqEduD57FOfu5USw" xsi:type="uml:Interface"><returnResult name="ReturnResult" publish:icon="1127417625.jpeg" publish:qualifiedname="architecture::objndx::ISimpleBTree::insert::ReturnResult" publish:type="Object" publish:typeid="_Co8PMYqrEduD57FOfu5USw" xmi:id="_CpFZIIqrEduD57FOfu5USw" xsi:type="uml:Parameter"/><ownedParameter name="key" publish:icon="54396635.jpeg" publish:qualifiedname="architecture::objndx::ISimpleBTree::insert::key" publish:type="Object" publish:typeid="_Co8PMYqrEduD57FOfu5USw" xmi:id="_Co8PMIqrEduD57FOfu5USw" xsi:type="uml:Parameter"/><ownedParameter name="val" publish:icon="54396635.jpeg" publish:qualifiedname="architecture::objndx::ISimpleBTree::insert::val" publish:type="Object" publish:typeid="_Co8PMYqrEduD57FOfu5USw" xmi:id="_Co8PMoqrEduD57FOfu5USw" xsi:type="uml:Parameter"><returnResult name="ReturnResult" publish:icon="1127417625.jpeg" publish:qualifiedname="architecture::objndx::ISimpleBTree::lookup::ReturnResult" publish:type="Object" publish:typeid="_Co8PMYqrEduD57FOfu5USw" xmi:id="_EepzoYqrEduD57FOfu5USw" xsi:type="uml:Parameter"/><ownedParameter name="key" publish:icon="54396635.jpeg" publish:qualifiedname="architecture::objndx::ISimpleBTree::lookup::key" publish:type="Object" publish:typeid="_Co8PMYqrEduD57FOfu5USw" xmi:id="_EepzoIqrEduD57FOfu5USw" xsi:type="uml:Parameter"><returnResult name="ReturnResult" publish:icon="1127417625.jpeg" publish:qualifiedname="architecture::objndx::ISimpleBTree::remove::ReturnResult" publish:type="Object" publish:typeid="_Co8PMYqrEduD57FOfu5USw" xmi:id="_GJMp4IqrEduD57FOfu5USw" xsi:type="uml:Parameter"/><ownedParameter name="key" publish:icon="54396635.jpeg" publish:qualifiedname="architecture::objndx::ISimpleBTree::remove::key" publish:type="Object" publish:typeid="_Co8PMYqrEduD57FOfu5USw" xmi:id="_GI5u8IqrEduD57FOfu5USw" xsi:type="uml:Parameter"><returnResult name="ReturnResult" publish:icon="1127417625.jpeg" publish:qualifiedname="architecture::objndx::ISimpleBTree::isReadOnly::ReturnResult" publish:type="boolean" publish:typeid="_RSWZgYq0EduD57FOfu5USw" xmi:id="_vJ16oIxJEdusPrxthOfM0w" xsi:type="uml:Parameter"/></ownedParameter></ownedParameter></ownedParameter></ownedMember><ownedMember name="ILeaf" publish:icon="1640237.jpeg" publish:qualifiedname="architecture::objndx::ILeaf" xmi:id="_Qdia0IxIEdusPrxthOfM0w" xsi:type="uml:Interface"/><ownedMember name="ILeafData" publish:icon="1640237.jpeg" publish:qualifiedname="architecture::objndx::ILeafData" xmi:id="_LYizgI9UEdusPrxthOfM0w" xsi:type="uml:Interface"><returnResult name="ReturnResult" publish:icon="1127417625.jpeg" publish:qualifiedname="architecture::objndx::ILeafData::getValueCount::ReturnResult" publish:type="int" publish:typeid="_eerbcIq1EduD57FOfu5USw" xmi:id="_Cpc_4IxIEdusPrxthOfM0w" xsi:type="uml:Parameter"><returnResult name="ReturnResult" publish:icon="1127417625.jpeg" publish:qualifiedname="architecture::objndx::ILeafData::getValues::ReturnResult" publish:type="Object" publish:typeid="_Co8PMYqrEduD57FOfu5USw" xmi:id="_pe74MIxHEdusPrxthOfM0w" xsi:type="uml:Parameter"><upperValue name="" publish:icon="7669561.jpeg" publish:qualifiedname="architecture::objndx::ILeafData::getValues::ReturnResult::&lt;LiteralUnlimitedNatural>" xmi:id="_pe74MoxHEdusPrxthOfM0w" xsi:type="uml:LiteralUnlimitedNatural"/><lowerValue name="" publish:icon="32507827.jpeg" publish:qualifiedname="architecture::objndx::ILeafData::getValues::ReturnResult::&lt;LiteralInteger>" xmi:id="_pe74MYxHEdusPrxthOfM0w" xsi:type="uml:LiteralInteger"><returnResult name="ReturnResult" publish:icon="1127417625.jpeg" publish:qualifiedname="architecture::objndx::ILeafData::getPriorAddr::ReturnResult" publish:type="long" publish:typeid="_TEqawYqrEduD57FOfu5USw" xmi:id="_1WdfgJAbEduWfNtJ0THKPQ" xsi:type="uml:Parameter"><returnResult name="ReturnResult" publish:icon="1127417625.jpeg" publish:qualifiedname="architecture::objndx::ILeafData::getNextAddr::ReturnResult" publish:type="long" publish:typeid="_TEqawYqrEduD57FOfu5USw" xmi:id="_5gTCsJAbEduWfNtJ0THKPQ" xsi:type="uml:Parameter"/></returnResult></lowerValue></returnResult></returnResult></ownedMember><ownedMember name="ILinearList" publish:icon="1640237.jpeg" publish:qualifiedname="architecture::objndx::ILinearList" xmi:id="_U8E6YM19EduTE5xAot6nFA" xsi:type="uml:Interface"><returnResult name="ReturnResult" publish:icon="1127417625.jpeg" publish:qualifiedname="architecture::objndx::ILinearList::indexOf::ReturnResult" publish:type="int" publish:typeid="_eerbcIq1EduD57FOfu5USw" xmi:id="_YGIbk819EduTE5xAot6nFA" xsi:type="uml:Parameter"/><ownedParameter name="byte" publish:icon="54396635.jpeg" publish:qualifiedname="architecture::objndx::ILinearList::indexOf::byte" xmi:id="_YGIbkM19EduTE5xAot6nFA" xsi:type="uml:Parameter"><upperValue name="" publish:icon="7669561.jpeg" publish:qualifiedname="architecture::objndx::ILinearList::indexOf::byte::&lt;LiteralUnlimitedNatural>" xmi:id="_YGIbks19EduTE5xAot6nFA" xsi:type="uml:LiteralUnlimitedNatural"/><lowerValue name="" publish:icon="32507827.jpeg" publish:qualifiedname="architecture::objndx::ILinearList::indexOf::byte::&lt;LiteralInteger>" xmi:id="_YGIbkc19EduTE5xAot6nFA" xsi:type="uml:LiteralInteger"><returnResult name="ReturnResult" publish:icon="1127417625.jpeg" publish:qualifiedname="architecture::objndx::ILinearList::valueAt::ReturnResult" publish:type="Object" publish:typeid="_Co8PMYqrEduD57FOfu5USw" xmi:id="_aKm0wc19EduTE5xAot6nFA" xsi:type="uml:Parameter"/><ownedParameter name="entryIndex" publish:icon="54396635.jpeg" publish:qualifiedname="architecture::objndx::ILinearList::valueAt::entryIndex" publish:type="int" publish:typeid="_eerbcIq1EduD57FOfu5USw" xmi:id="_aKm0wM19EduTE5xAot6nFA" xsi:type="uml:Parameter"><returnResult name="ReturnResult" publish:icon="1127417625.jpeg" publish:qualifiedname="architecture::objndx::ILinearList::keyAt::ReturnResult" publish:type="byte" publish:typeid="_bb0lAs19EduTE5xAot6nFA" xmi:id="_bb0lAc19EduTE5xAot6nFA" xsi:type="uml:Parameter"><upperValue name="" publish:icon="7669561.jpeg" publish:qualifiedname="architecture::objndx::ILinearList::keyAt::ReturnResult::&lt;LiteralUnlimitedNatural>" xmi:id="_bb0lBM19EduTE5xAot6nFA" xsi:type="uml:LiteralUnlimitedNatural"/><lowerValue name="" publish:icon="32507827.jpeg" publish:qualifiedname="architecture::objndx::ILinearList::keyAt::ReturnResult::&lt;LiteralInteger>" xmi:id="_bb0lA819EduTE5xAot6nFA" xsi:type="uml:LiteralInteger"/></returnResult><ownedParameter name="entryIndex" publish:icon="54396635.jpeg" publish:qualifiedname="architecture::objndx::ILinearList::keyAt::entryIndex" publish:type="int" publish:typeid="_eerbcIq1EduD57FOfu5USw" xmi:id="_bb0lAM19EduTE5xAot6nFA" xsi:type="uml:Parameter"/></ownedParameter></lowerValue></ownedParameter></ownedMember><ownedMember name="INode" publish:icon="1640237.jpeg" publish:qualifiedname="architecture::objndx::INode" xmi:id="_RAQGUIxIEdusPrxthOfM0w" xsi:type="uml:Interface"/><ownedMember name="INodeData" publish:icon="1640237.jpeg" publish:qualifiedname="architecture::objndx::INodeData" xmi:id="_LRFgoI9UEdusPrxthOfM0w" xsi:type="uml:Interface"><returnResult name="ReturnResult" publish:icon="1127417625.jpeg" publish:qualifiedname="architecture::objndx::INodeData::getChildAddr::ReturnResult" publish:type="long" publish:typeid="_TEqawYqrEduD57FOfu5USw" xmi:id="_-W93AIxHEdusPrxthOfM0w" xsi:type="uml:Parameter"><upperValue name="" publish:icon="7669561.jpeg" publish:qualifiedname="architecture::objndx::INodeData::getChildAddr::ReturnResult::&lt;LiteralUnlimitedNatural>" xmi:id="_-W93AoxHEdusPrxthOfM0w" xsi:type="uml:LiteralUnlimitedNatural"/><lowerValue name="" publish:icon="32507827.jpeg" publish:qualifiedname="architecture::objndx::INodeData::getChildAddr::ReturnResult::&lt;LiteralInteger>" xmi:id="_-W93AYxHEdusPrxthOfM0w" xsi:type="uml:LiteralInteger"><returnResult name="ReturnResult" publish:icon="1127417625.jpeg" publish:qualifiedname="architecture::objndx::INodeData::getChildCount::ReturnResult" publish:type="int" publish:typeid="_eerbcIq1EduD57FOfu5USw" xmi:id="_BywocIxIEdusPrxthOfM0w" xsi:type="uml:Parameter"><returnResult name="ReturnResult" publish:icon="1127417625.jpeg" publish:qualifiedname="architecture::objndx::INodeData::getEntryCount::ReturnResult" publish:type="int" publish:typeid="_eerbcIq1EduD57FOfu5USw" xmi:id="_kNb6AJjXEduAsO4OuwABeg" xsi:type="uml:Parameter"><returnResult name="ReturnResult" publish:icon="1127417625.jpeg" publish:qualifiedname="architecture::objndx::INodeData::getLeafCount::ReturnResult" publish:type="int" publish:typeid="_eerbcIq1EduD57FOfu5USw" xmi:id="_qd1hEJjXEduAsO4OuwABeg" xsi:type="uml:Parameter"><returnResult name="ReturnResult" publish:icon="1127417625.jpeg" publish:qualifiedname="architecture::objndx::INodeData::getNodeCount::ReturnResult" publish:type="int" publish:typeid="_eerbcIq1EduD57FOfu5USw" xmi:id="_vZSucJjXEduAsO4OuwABeg" xsi:type="uml:Parameter"/></returnResult></returnResult></returnResult></lowerValue></returnResult></ownedMember><ownedMember name="IRangeQuery" publish:icon="1640237.jpeg" publish:qualifiedname="architecture::objndx::IRangeQuery" xmi:id="_fvwU0M18EduTE5xAot6nFA" xsi:type="uml:Interface"><returnResult name="ReturnResult" publish:icon="1127417625.jpeg" publish:qualifiedname="architecture::objndx::IRangeQuery::rangeIterator::ReturnResult" publish:type="Iterator" publish:typeid="_LNrZI4rnEduD57FOfu5USw" xmi:id="_LNrZIornEduD57FOfu5USw" xsi:type="uml:Parameter"/><ownedParameter name="fromKey" publish:icon="54396635.jpeg" publish:qualifiedname="architecture::objndx::IRangeQuery::rangeIterator::fromKey" publish:type="Object" publish:typeid="_Co8PMYqrEduD57FOfu5USw" xmi:id="_LNrZIIrnEduD57FOfu5USw" xsi:type="uml:Parameter"/><ownedParameter name="toKey" publish:icon="54396635.jpeg" publish:qualifiedname="architecture::objndx::IRangeQuery::rangeIterator::toKey" publish:type="Object" publish:typeid="_Co8PMYqrEduD57FOfu5USw" xmi:id="_LNrZIYrnEduD57FOfu5USw" xsi:type="uml:Parameter"><returnResult name="ReturnResult" publish:icon="1127417625.jpeg" publish:qualifiedname="architecture::objndx::IRangeQuery::rangeCount::ReturnResult" publish:type="int" publish:typeid="_eerbcIq1EduD57FOfu5USw" xmi:id="_kzjl4818EduTE5xAot6nFA" xsi:type="uml:Parameter"/><ownedParameter name="byte" publish:icon="54396635.jpeg" publish:qualifiedname="architecture::objndx::IRangeQuery::rangeCount::byte" xmi:id="_kzjl4M18EduTE5xAot6nFA" xsi:type="uml:Parameter"><upperValue name="" publish:icon="7669561.jpeg" publish:qualifiedname="architecture::objndx::IRangeQuery::rangeCount::byte::&lt;LiteralUnlimitedNatural>" xmi:id="_kzjl4s18EduTE5xAot6nFA" xsi:type="uml:LiteralUnlimitedNatural"/><lowerValue name="" publish:icon="32507827.jpeg" publish:qualifiedname="architecture::objndx::IRangeQuery::rangeCount::byte::&lt;LiteralInteger>" xmi:id="_kzjl4c18EduTE5xAot6nFA" xsi:type="uml:LiteralInteger"/></ownedParameter></ownedParameter></ownedMember><ownedMember name="IValueSerializer" publish:icon="1640237.jpeg" publish:qualifiedname="architecture::objndx::IValueSerializer" xmi:id="_X5O3sIxFEdusPrxthOfM0w" xsi:type="uml:Interface"><returnResult name="ReturnResult" publish:icon="1127417625.jpeg" publish:qualifiedname="architecture::objndx::IValueSerializer::getValues::ReturnResult" publish:type="void" publish:typeid="_hcgqEoqrEduD57FOfu5USw" xmi:id="_T0LUk4xKEdusPrxthOfM0w" xsi:type="uml:Parameter"/><ownedParameter name="buf" publish:icon="54396635.jpeg" publish:qualifiedname="architecture::objndx::IValueSerializer::getValues::buf" publish:type="ByteBuffer" publish:typeid="_a_kRQYqqEduD57FOfu5USw" xmi:id="_T0BjkIxKEdusPrxthOfM0w" xsi:type="uml:Parameter"/><ownedParameter name="vals" publish:icon="54396635.jpeg" publish:qualifiedname="architecture::objndx::IValueSerializer::getValues::vals" publish:type="Object" publish:typeid="_Co8PMYqrEduD57FOfu5USw" xmi:id="_T0BjkYxKEdusPrxthOfM0w" xsi:type="uml:Parameter"><upperValue name="" publish:icon="7669561.jpeg" publish:qualifiedname="architecture::objndx::IValueSerializer::getValues::vals::&lt;LiteralUnlimitedNatural>" xmi:id="_T0LUkYxKEdusPrxthOfM0w" xsi:type="uml:LiteralUnlimitedNatural"/><lowerValue name="" publish:icon="32507827.jpeg" publish:qualifiedname="architecture::objndx::IValueSerializer::getValues::vals::&lt;LiteralInteger>" xmi:id="_T0LUkIxKEdusPrxthOfM0w" xsi:type="uml:LiteralInteger"/></ownedParameter><ownedParameter name="int nvals" publish:icon="54396635.jpeg" publish:qualifiedname="architecture::objndx::IValueSerializer::getValues::int nvals" xmi:id="_T0LUkoxKEdusPrxthOfM0w" xsi:type="uml:Parameter"><returnResult name="ReturnResult" publish:icon="1127417625.jpeg" publish:qualifiedname="architecture::objndx::IValueSerializer::putValues::ReturnResult" publish:type="void" publish:typeid="_hcgqEoqrEduD57FOfu5USw" xmi:id="_ZQaTw4xKEdusPrxthOfM0w" xsi:type="uml:Parameter"/><ownedParameter name="buf" publish:icon="54396635.jpeg" publish:qualifiedname="architecture::objndx::IValueSerializer::putValues::buf" publish:type="ByteBuffer" publish:typeid="_a_kRQYqqEduD57FOfu5USw" xmi:id="_ZQRJ0IxKEdusPrxthOfM0w" xsi:type="uml:Parameter"/><ownedParameter name="vals" publish:icon="54396635.jpeg" publish:qualifiedname="architecture::objndx::IValueSerializer::putValues::vals" publish:type="Object" publish:typeid="_Co8PMYqrEduD57FOfu5USw" xmi:id="_ZQRJ0YxKEdusPrxthOfM0w" xsi:type="uml:Parameter"><upperValue name="" publish:icon="7669561.jpeg" publish:qualifiedname="architecture::objndx::IValueSerializer::putValues::vals::&lt;LiteralUnlimitedNatural>" xmi:id="_ZQaTwYxKEdusPrxthOfM0w" xsi:type="uml:LiteralUnlimitedNatural"/><lowerValue name="" publish:icon="32507827.jpeg" publish:qualifiedname="architecture::objndx::IValueSerializer::putValues::vals::&lt;LiteralInteger>" xmi:id="_ZQaTwIxKEdusPrxthOfM0w" xsi:type="uml:LiteralInteger"/></ownedParameter><ownedParameter name="int nvals" publish:icon="54396635.jpeg" publish:qualifiedname="architecture::objndx::IValueSerializer::putValues::int nvals" xmi:id="_ZQaTwoxKEdusPrxthOfM0w" xsi:type="uml:Parameter"/></ownedParameter></ownedMember><ownedMember name="KeyValueIterator" publish:icon="1640237.jpeg" publish:qualifiedname="architecture::objndx::KeyValueIterator" xmi:id="_zJ9WkIxIEdusPrxthOfM0w" xsi:type="uml:Interface"><returnResult name="ReturnResult" publish:icon="1127417625.jpeg" publish:qualifiedname="architecture::objndx::KeyValueIterator::getKey::ReturnResult" publish:type="Object" publish:typeid="_Co8PMYqrEduD57FOfu5USw" xmi:id="_1de4YIxIEdusPrxthOfM0w" xsi:type="uml:Parameter"/></ownedMember><ownedMember name="AbstractBTree" publish:icon="29165423.jpeg" publish:qualifiedname="architecture::objndx::AbstractBTree" xmi:id="_WnPjsJAcEduWfNtJ0THKPQ" xsi:type="uml:Class"><implementation name="" publish:icon="1836759.jpeg" publish:qualifiedname="architecture::objndx::AbstractBTree::&lt;Implementation>" xmi:id="_rO2_8M19EduTE5xAot6nFA" xsi:type="uml:Implementation"><mapping name="" publish:icon="16254927.jpeg" publish:qualifiedname="architecture::objndx::AbstractBTree::&lt;Implementation>::&lt;OpaqueExpression>" xmi:id="_rO2_8c19EduTE5xAot6nFA" xsi:type="uml:OpaqueExpression"/></implementation><implementation name="" publish:icon="1836759.jpeg" publish:qualifiedname="architecture::objndx::AbstractBTree::&lt;Implementation>" xmi:id="_sHyMAM19EduTE5xAot6nFA" xsi:type="uml:Implementation"><mapping name="" publish:icon="16254927.jpeg" publish:qualifiedname="architecture::objndx::AbstractBTree::&lt;Implementation>::&lt;OpaqueExpression>" xmi:id="_sHyMAc19EduTE5xAot6nFA" xsi:type="uml:OpaqueExpression"><upperValue name="" publish:icon="7669561.jpeg" publish:qualifiedname="architecture::objndx::AbstractBTree::root::&lt;LiteralUnlimitedNatural>" xmi:id="_ycUcNIxCEdusPrxthOfM0w" xsi:type="uml:LiteralUnlimitedNatural"/><lowerValue name="" publish:icon="32507827.jpeg" publish:qualifiedname="architecture::objndx::AbstractBTree::root::&lt;LiteralInteger>" xmi:id="_ycUcM4xCEdusPrxthOfM0w" xsi:type="uml:LiteralInteger"><returnResult name="ReturnResult" publish:icon="1127417625.jpeg" publish:qualifiedname="architecture::objndx::AbstractBTree::write::ReturnResult" publish:type="long" publish:typeid="_TEqawYqrEduD57FOfu5USw" xmi:id="_SKxuIIrnEduD57FOfu5USw" xsi:type="uml:Parameter"/></lowerValue></mapping></implementation></ownedMember><ownedMember name="AbstractNode" publish:icon="29165423.jpeg" publish:qualifiedname="architecture::objndx::AbstractNode" xmi:id="_udXTUIxCEdusPrxthOfM0w" xsi:type="uml:Class"><implementation name="" publish:icon="1836759.jpeg" publish:qualifiedname="architecture::objndx::AbstractNode::&lt;Implementation>" xmi:id="_boDLcIxIEdusPrxthOfM0w" xsi:type="uml:Implementation"><mapping name="" publish:icon="16254927.jpeg" publish:qualifiedname="architecture::objndx::AbstractNode::&lt;Implementation>::&lt;OpaqueExpression>" xmi:id="_boDLcYxIEdusPrxthOfM0w" xsi:type="uml:OpaqueExpression"/></implementation></ownedMember><ownedMember name="BatchContains" publish:icon="29165423.jpeg" publish:qualifiedname="architecture::objndx::BatchContains" xmi:id="_CKxiEM1-EduTE5xAot6nFA" xsi:type="uml:Class"><implementation name="" publish:icon="1836759.jpeg" publish:qualifiedname="architecture::objndx::BatchContains::&lt;Implementation>" xmi:id="_NuxJsM1-EduTE5xAot6nFA" xsi:type="uml:Implementation"><mapping name="" publish:icon="16254927.jpeg" publish:qualifiedname="architecture::objndx::BatchContains::&lt;Implementation>::&lt;OpaqueExpression>" xmi:id="_NuxJsc1-EduTE5xAot6nFA" xsi:type="uml:OpaqueExpression"/></implementation></ownedMember><ownedMember name="BatchInsert" publish:icon="29165423.jpeg" publish:qualifiedname="architecture::objndx::BatchInsert" xmi:id="_B99OEM1-EduTE5xAot6nFA" xsi:type="uml:Class"><implementation name="" publish:icon="1836759.jpeg" publish:qualifiedname="architecture::objndx::BatchInsert::&lt;Implementation>" xmi:id="_MNm48M1-EduTE5xAot6nFA" xsi:type="uml:Implementation"><mapping name="" publish:icon="16254927.jpeg" publish:qualifiedname="architecture::objndx::BatchInsert::&lt;Implementation>::&lt;OpaqueExpression>" xmi:id="_MNm48c1-EduTE5xAot6nFA" xsi:type="uml:OpaqueExpression"/></implementation></ownedMember><ownedMember name="BatchLookup" publish:icon="29165423.jpeg" publish:qualifiedname="architecture::objndx::BatchLookup" xmi:id="_CEOOIM1-EduTE5xAot6nFA" xsi:type="uml:Class"><implementation name="" publish:icon="1836759.jpeg" publish:qualifiedname="architecture::objndx::BatchLookup::&lt;Implementation>" xmi:id="_M_YUIM1-EduTE5xAot6nFA" xsi:type="uml:Implementation"><mapping name="" publish:icon="16254927.jpeg" publish:qualifiedname="architecture::objndx::BatchLookup::&lt;Implementation>::&lt;OpaqueExpression>" xmi:id="_M_YUIc1-EduTE5xAot6nFA" xsi:type="uml:OpaqueExpression"/></implementation></ownedMember><ownedMember name="BatchRemove" publish:icon="29165423.jpeg" publish:qualifiedname="architecture::objndx::BatchRemove" xmi:id="_B4cb8M1-EduTE5xAot6nFA" xsi:type="uml:Class"><implementation name="" publish:icon="1836759.jpeg" publish:qualifiedname="architecture::objndx::BatchRemove::&lt;Implementation>" xmi:id="_OixZgM1-EduTE5xAot6nFA" xsi:type="uml:Implementation"><mapping name="" publish:icon="16254927.jpeg" publish:qualifiedname="architecture::objndx::BatchRemove::&lt;Implementation>::&lt;OpaqueExpression>" xmi:id="_OixZgc1-EduTE5xAot6nFA" xsi:type="uml:OpaqueExpression"/></implementation></ownedMember><ownedMember name="BTree" publish:icon="29165423.jpeg" publish:qualifiedname="architecture::objndx::BTree" xmi:id="_24SEkIqqEduD57FOfu5USw" xsi:type="uml:Class"><implementation name="" publish:icon="1836759.jpeg" publish:qualifiedname="architecture::objndx::BTree::&lt;Implementation>" xmi:id="_cJ-YkM2KEduTE5xAot6nFA" xsi:type="uml:Implementation"><mapping name="" publish:icon="16254927.jpeg" publish:qualifiedname="architecture::objndx::BTree::&lt;Implementation>::&lt;OpaqueExpression>" xmi:id="_cJ-Ykc2KEduTE5xAot6nFA" xsi:type="uml:OpaqueExpression"/></implementation></ownedMember><ownedMember name="Leaf" publish:icon="29165423.jpeg" publish:qualifiedname="architecture::objndx::Leaf" xmi:id="_siuyoIxCEdusPrxthOfM0w" xsi:type="uml:Class"><implementation name="" publish:icon="1836759.jpeg" publish:qualifiedname="architecture::objndx::Leaf::&lt;Implementation>" xmi:id="_i0ye8IxIEdusPrxthOfM0w" xsi:type="uml:Implementation"><mapping name="" publish:icon="16254927.jpeg" publish:qualifiedname="architecture::objndx::Leaf::&lt;Implementation>::&lt;OpaqueExpression>" xmi:id="_i0ye8YxIEdusPrxthOfM0w" xsi:type="uml:OpaqueExpression"/></implementation><implementation name="" publish:icon="1836759.jpeg" publish:qualifiedname="architecture::objndx::Leaf::&lt;Implementation>" xmi:id="_1xTI0I9UEdusPrxthOfM0w" xsi:type="uml:Implementation"><mapping name="" publish:icon="16254927.jpeg" publish:qualifiedname="architecture::objndx::Leaf::&lt;Implementation>::&lt;OpaqueExpression>" xmi:id="_1xcSwI9UEdusPrxthOfM0w" xsi:type="uml:OpaqueExpression"><upperValue name="" publish:icon="7669561.jpeg" publish:qualifiedname="architecture::objndx::Leaf::values::&lt;LiteralUnlimitedNatural>" xmi:id="_GBRagZAdEduWfNtJ0THKPQ" xsi:type="uml:LiteralUnlimitedNatural"/><lowerValue name="" publish:icon="32507827.jpeg" publish:qualifiedname="architecture::objndx::Leaf::values::&lt;LiteralInteger>" xmi:id="_GBRagJAdEduWfNtJ0THKPQ" xsi:type="uml:LiteralInteger"><returnResult name="ReturnResult" publish:icon="1127417625.jpeg" publish:qualifiedname="architecture::objndx::Leaf::next::ReturnResult" publish:type="Leaf" publish:typeid="_siuyoIxCEdusPrxthOfM0w" xmi:id="_-jzY0JAbEduWfNtJ0THKPQ" xsi:type="uml:Parameter"><returnResult name="ReturnResult" publish:icon="1127417625.jpeg" publish:qualifiedname="architecture::objndx::Leaf::prior::ReturnResult" publish:type="Leaf" publish:typeid="_siuyoIxCEdusPrxthOfM0w" xmi:id="_BORbAJAcEduWfNtJ0THKPQ" xsi:type="uml:Parameter"/></returnResult></lowerValue></mapping></implementation></ownedMember><ownedMember name="Node" publish:icon="29165423.jpeg" publish:qualifiedname="architecture::objndx::Node" xmi:id="_t5me8IxCEdusPrxthOfM0w" xsi:type="uml:Class"><implementation name="" publish:icon="1836759.jpeg" publish:qualifiedname="architecture::objndx::Node::&lt;Implementation>" xmi:id="_iMQfUIxIEdusPrxthOfM0w" xsi:type="uml:Implementation"><mapping name="" publish:icon="16254927.jpeg" publish:qualifiedname="architecture::objndx::Node::&lt;Implementation>::&lt;OpaqueExpression>" xmi:id="_iMQfUYxIEdusPrxthOfM0w" xsi:type="uml:OpaqueExpression"/></implementation><implementation name="" publish:icon="1836759.jpeg" publish:qualifiedname="architecture::objndx::Node::&lt;Implementation>" xmi:id="_2raAoI9UEdusPrxthOfM0w" xsi:type="uml:Implementation"><mapping name="" publish:icon="16254927.jpeg" publish:qualifiedname="architecture::objndx::Node::&lt;Implementation>::&lt;OpaqueExpression>" xmi:id="_2raAoY9UEdusPrxthOfM0w" xsi:type="uml:OpaqueExpression"><upperValue name="" publish:icon="7669561.jpeg" publish:qualifiedname="architecture::objndx::Node::childRefs::&lt;LiteralUnlimitedNatural>" xmi:id="_I8RzEZAdEduWfNtJ0THKPQ" xsi:type="uml:LiteralUnlimitedNatural"/><lowerValue name="" publish:icon="32507827.jpeg" publish:qualifiedname="architecture::objndx::Node::childRefs::&lt;LiteralInteger>" xmi:id="_I8RzEJAdEduWfNtJ0THKPQ" xsi:type="uml:LiteralInteger"><upperValue name="" publish:icon="7669561.jpeg" publish:qualifiedname="architecture::objndx::Node::childAddr::&lt;LiteralUnlimitedNatural>" xmi:id="_Km0pUZAdEduWfNtJ0THKPQ" xsi:type="uml:LiteralUnlimitedNatural"/><lowerValue name="" publish:icon="32507827.jpeg" publish:qualifiedname="architecture::objndx::Node::childAddr::&lt;LiteralInteger>" xmi:id="_Km0pUJAdEduWfNtJ0THKPQ" xsi:type="uml:LiteralInteger"/></lowerValue></mapping></implementation></ownedMember><ownedMember name="NodeSerializer" publish:icon="29165423.jpeg" publish:qualifiedname="architecture::objndx::NodeSerializer" xmi:id="_WG8asIxFEdusPrxthOfM0w" xsi:type="uml:Class"><upperValue name="" publish:icon="7669561.jpeg" publish:qualifiedname="architecture::objndx::NodeSerializer::ikeyserializer::&lt;LiteralUnlimitedNatural>" xmi:id="_a7sw5IxKEdusPrxthOfM0w" xsi:type="uml:LiteralUnlimitedNatural"/><lowerValue name="" publish:icon="32507827.jpeg" publish:qualifiedname="architecture::objndx::NodeSerializer::ikeyserializer::&lt;LiteralInteger>" xmi:id="_a7sw44xKEdusPrxthOfM0w" xsi:type="uml:LiteralInteger"><upperValue name="" publish:icon="7669561.jpeg" publish:qualifiedname="architecture::objndx::NodeSerializer::ivalueserializer::&lt;LiteralUnlimitedNatural>" xmi:id="_bjyrpIxKEdusPrxthOfM0w" xsi:type="uml:LiteralUnlimitedNatural"/><lowerValue name="" publish:icon="32507827.jpeg" publish:qualifiedname="architecture::objndx::NodeSerializer::ivalueserializer::&lt;LiteralInteger>" xmi:id="_bjyro4xKEdusPrxthOfM0w" xsi:type="uml:LiteralInteger"><returnResult name="ReturnResult" publish:icon="1127417625.jpeg" publish:qualifiedname="architecture::objndx::NodeSerializer::getNodeOrLeaf::ReturnResult" publish:type="IAbstractNode" publish:typeid="_OaHKgIxIEdusPrxthOfM0w" xmi:id="_PTbQwIxLEdusPrxthOfM0w" xsi:type="uml:Parameter"/><ownedParameter name="btree" publish:icon="54396635.jpeg" publish:qualifiedname="architecture::objndx::NodeSerializer::getNodeOrLeaf::btree" publish:type="ISimpleBTree" publish:typeid="_M267kIqqEduD57FOfu5USw" xmi:id="_J8PwsIxLEdusPrxthOfM0w" xsi:type="uml:Parameter"/><ownedParameter name="addr" publish:icon="54396635.jpeg" publish:qualifiedname="architecture::objndx::NodeSerializer::getNodeOrLeaf::addr" publish:type="long" publish:typeid="_TEqawYqrEduD57FOfu5USw" xmi:id="_MXg5QIxLEdusPrxthOfM0w" xsi:type="uml:Parameter"/><ownedParameter name="buf" publish:icon="54396635.jpeg" publish:qualifiedname="architecture::objndx::NodeSerializer::getNodeOrLeaf::buf" publish:type="ByteBuffer" publish:typeid="_a_kRQYqqEduD57FOfu5USw" xmi:id="_PS0z0IxLEdusPrxthOfM0w" xsi:type="uml:Parameter"><returnResult name="ReturnResult" publish:icon="1127417625.jpeg" publish:qualifiedname="architecture::objndx::NodeSerializer::getNode::ReturnResult" publish:type="INode" publish:typeid="_RAQGUIxIEdusPrxthOfM0w" xmi:id="_Ss-mg4xLEdusPrxthOfM0w" xsi:type="uml:Parameter"/><ownedParameter name="btree" publish:icon="54396635.jpeg" publish:qualifiedname="architecture::objndx::NodeSerializer::getNode::btree" publish:type="ISimpleBTree" publish:typeid="_M267kIqqEduD57FOfu5USw" xmi:id="_Ss-mgIxLEdusPrxthOfM0w" xsi:type="uml:Parameter"/><ownedParameter name="addr" publish:icon="54396635.jpeg" publish:qualifiedname="architecture::objndx::NodeSerializer::getNode::addr" publish:type="long" publish:typeid="_TEqawYqrEduD57FOfu5USw" xmi:id="_Ss-mgYxLEdusPrxthOfM0w" xsi:type="uml:Parameter"/><ownedParameter name="buf" publish:icon="54396635.jpeg" publish:qualifiedname="architecture::objndx::NodeSerializer::getNode::buf" publish:type="ByteBuffer" publish:typeid="_a_kRQYqqEduD57FOfu5USw" xmi:id="_Ss-mgoxLEdusPrxthOfM0w" xsi:type="uml:Parameter"><returnResult name="ReturnResult" publish:icon="1127417625.jpeg" publish:qualifiedname="architecture::objndx::NodeSerializer::getLeaf::ReturnResult" publish:type="ILeaf" publish:typeid="_Qdia0IxIEdusPrxthOfM0w" xmi:id="_WZTuUoxLEdusPrxthOfM0w" xsi:type="uml:Parameter"/><ownedParameter name="btree" publish:icon="54396635.jpeg" publish:qualifiedname="architecture::objndx::NodeSerializer::getLeaf::btree" publish:type="ISimpleBTree" publish:typeid="_M267kIqqEduD57FOfu5USw" xmi:id="_WZKkYIxLEdusPrxthOfM0w" xsi:type="uml:Parameter"/><ownedParameter name="addr" publish:icon="54396635.jpeg" publish:qualifiedname="architecture::objndx::NodeSerializer::getLeaf::addr" publish:type="long" publish:typeid="_TEqawYqrEduD57FOfu5USw" xmi:id="_WZTuUIxLEdusPrxthOfM0w" xsi:type="uml:Parameter"/><ownedParameter name="buf" publish:icon="54396635.jpeg" publish:qualifiedname="architecture::objndx::NodeSerializer::getLeaf::buf" publish:type="ByteBuffer" publish:typeid="_a_kRQYqqEduD57FOfu5USw" xmi:id="_WZTuUYxLEdusPrxthOfM0w" xsi:type="uml:Parameter"><returnResult name="ReturnResult" publish:icon="1127417625.jpeg" publish:qualifiedname="architecture::objndx::NodeSerializer::putNode::ReturnResult" publish:type="void" publish:typeid="_hcgqEoqrEduD57FOfu5USw" xmi:id="_hVERQoxLEdusPrxthOfM0w" xsi:type="uml:Parameter"/><ownedParameter name="buf" publish:icon="54396635.jpeg" publish:qualifiedname="architecture::objndx::NodeSerializer::putNode::buf" publish:type="ByteBuffer" publish:typeid="_a_kRQYqqEduD57FOfu5USw" xmi:id="_hVERQIxLEdusPrxthOfM0w" xsi:type="uml:Parameter"/><ownedParameter name="node" publish:icon="54396635.jpeg" publish:qualifiedname="architecture::objndx::NodeSerializer::putNode::node" publish:type="INode" publish:typeid="_RAQGUIxIEdusPrxthOfM0w" xmi:id="_hVERQYxLEdusPrxthOfM0w" xsi:type="uml:Parameter"><returnResult name="ReturnResult" publish:icon="1127417625.jpeg" publish:qualifiedname="architecture::objndx::NodeSerializer::putLeaf::ReturnResult" publish:type="void" publish:typeid="_hcgqEoqrEduD57FOfu5USw" xmi:id="_kpHb8YxLEdusPrxthOfM0w" xsi:type="uml:Parameter"/><ownedParameter name="buf" publish:icon="54396635.jpeg" publish:qualifiedname="architecture::objndx::NodeSerializer::putLeaf::buf" publish:type="ByteBuffer" publish:typeid="_a_kRQYqqEduD57FOfu5USw" xmi:id="_ko9q8IxLEdusPrxthOfM0w" xsi:type="uml:Parameter"/><ownedParameter name="leaf" publish:icon="54396635.jpeg" publish:qualifiedname="architecture::objndx::NodeSerializer::putLeaf::leaf" publish:type="ILeaf" publish:typeid="_Qdia0IxIEdusPrxthOfM0w" xmi:id="_kpHb8IxLEdusPrxthOfM0w" xsi:type="uml:Parameter"/></ownedParameter></ownedParameter></ownedParameter></ownedParameter></lowerValue></lowerValue></ownedMember><ownedMember name="" publish:icon="1640379.jpeg" publish:qualifiedname="architecture::objndx::&lt;Association>" xmi:id="_bjyroIxKEdusPrxthOfM0w" xsi:type="uml:Association"/><ownedMember name="" publish:icon="1640379.jpeg" publish:qualifiedname="architecture::objndx::&lt;Association>" xmi:id="_a7sw4IxKEdusPrxthOfM0w" xsi:type="uml:Association"/><ownedMember name="" publish:icon="1509185.jpeg" publish:qualifiedname="architecture::objndx::&lt;Usage>" xmi:id="_yi2f8IqrEduD57FOfu5USw" xsi:type="uml:Usage"/><ownedMember name="" publish:icon="1640379.jpeg" publish:qualifiedname="architecture::objndx::&lt;Association>" xmi:id="_ycUcMIxCEdusPrxthOfM0w" xsi:type="uml:Association"/><ownedMember name="" publish:icon="1509185.jpeg" publish:qualifiedname="architecture::objndx::&lt;Usage>" xmi:id="_FZld8JIWEduWfNtJ0THKPQ" xsi:type="uml:Usage"/><ownedMember name="" publish:icon="1509185.jpeg" publish:qualifiedname="architecture::objndx::&lt;Usage>" xmi:id="_v026sM19EduTE5xAot6nFA" xsi:type="uml:Usage"/></ownedMember>