<?xml version="1.0" encoding="UTF-8"?>
<ownedMember name="scaleup" publish:icon="848955375.jpeg" publish:modelname="architecture" publish:qualifiedname="architecture::scaleup" publish:toplevelguid="_EWlSMIqqEduD57FOfu5USw" xmi:id="_ZKvAULbNEdudweVpisL84g" xmi:version="2.0" xmlns:com.ibm.xtools.notation="http:///com/ibm/xtools/notation.ecore" xmlns:publish="http://www.ibm.com/Rational/XTools/Publish" xmlns:uml="http://www.eclipse.org/uml2/1.0.0/UML" xmlns:xmi="http://www.omg.org/XMI" xmlns:xsi="http://www.w3.org/2001/XMLSchema-instance" xsi:type="uml:Package"><contents Type="Class" name="Partitioned index" publish:icon="17368741.jpeg" publish:imageType="JPEG" publish:qualifiedname="architecture::scaleup::Partitioned index" xmi:id="_pRqqgIxCEdusPrxthOfM0w" xsi:type="notation:Diagram"><publish:partInfo name="btree-by-name" publish:partLowerX="149" publish:partLowerY="394" publish:partUpperX="11" publish:partUpperY="223" xmi:id="_cm7uUJIWEduWfNtJ0THKPQ"/><publish:partInfo name="" publish:partLowerX="184" publish:partLowerY="394" publish:partUpperX="125" publish:partUpperY="223" xmi:id="_FZld8JIWEduWfNtJ0THKPQ"/><publish:partInfo name="Journal" publish:partLowerX="195" publish:partLowerY="430" publish:partUpperX="106" publish:partUpperY="383" xmi:id="_TPzwQIqqEduD57FOfu5USw"/><publish:partInfo name="AbstractBTree" publish:partLowerX="384" publish:partLowerY="82" publish:partUpperX="253" publish:partUpperY="25" xmi:id="_WnPjsJAcEduWfNtJ0THKPQ"/><publish:partInfo name="PartitionedIndex" publish:partLowerX="891" publish:partLowerY="158" publish:partUpperX="743" publish:partUpperY="106" xmi:id="_3J6zwIxCEdusPrxthOfM0w"/><publish:partInfo name="IndexSegment" publish:partLowerX="565" publish:partLowerY="234" publish:partUpperX="431" publish:partUpperY="166" xmi:id="_tQLHcIxCEdusPrxthOfM0w"/><publish:partInfo name="BTree" publish:partLowerX="196" publish:partLowerY="237" publish:partUpperX="118" publish:partUpperY="190" xmi:id="_24SEkIqqEduD57FOfu5USw"/></contents><contents Type="Class" name="Metadata index" publish:icon="17368741.jpeg" publish:imageType="JPEG" publish:qualifiedname="architecture::scaleup::Metadata index" xmi:id="_sHjjsM2XEdutrbzDPceyvA" xsi:type="notation:Diagram"><publish:partInfo name="" publish:partLowerX="647" publish:partLowerY="457" publish:partUpperX="505" publish:partUpperY="403" xmi:id="_VYPy0M2aEdutrbzDPceyvA"/><publish:partInfo name="" publish:partLowerX="375" publish:partLowerY="686" publish:partUpperX="297" publish:partUpperY="581" xmi:id="_ghzMEM2YEdutrbzDPceyvA"/><publish:partInfo name="" publish:partLowerX="581" publish:partLowerY="687" publish:partUpperX="503" publish:partUpperY="581" xmi:id="_X6Kn4M2YEdutrbzDPceyvA"/><publish:partInfo name="" publish:partLowerX="500" publish:partLowerY="239" publish:partUpperX="395" publish:partUpperY="103" xmi:id="_G4cMQM2YEdutrbzDPceyvA"/><publish:partInfo name="" publish:partLowerX="526" publish:partLowerY="561" publish:partUpperX="457" publish:partUpperY="481" xmi:id="_D2SC0M2YEdutrbzDPceyvA"/><publish:partInfo name="" publish:partLowerX="412" publish:partLowerY="561" publish:partUpperX="348" publish:partUpperY="481" xmi:id="_DFjJcM2YEdutrbzDPceyvA"/><publish:partInfo name="" publish:partLowerX="478" publish:partLowerY="409" publish:partUpperX="402" publish:partUpperY="281" xmi:id="_cDsIMM17EduTE5xAot6nFA"/><publish:partInfo name="ResourceState" publish:partLowerX="769" publish:partLowerY="482" publish:partUpperX="635" publish:partUpperY="395" xmi:id="_DctaUM2aEdutrbzDPceyvA"/><publish:partInfo name="IndexSegment" publish:partLowerX="411" publish:partLowerY="742" publish:partUpperX="277" publish:partUpperY="674" xmi:id="_tQLHcIxCEdusPrxthOfM0w"/><publish:partInfo name="Journal" publish:partLowerX="582" publish:partLowerY="721" publish:partUpperX="493" publish:partUpperY="674" xmi:id="_TPzwQIqqEduD57FOfu5USw"/><publish:partInfo name="JournalMetadata" publish:partLowerX="608" publish:partLowerY="595" publish:partUpperX="460" publish:partUpperY="548" xmi:id="_A6EwYM2YEdutrbzDPceyvA"/><publish:partInfo anchor="#attribute_G4cMQc2YEdutrbzDPceyvA" name="partition" publish:partLowerX="546" publish:partLowerY="127" publish:partUpperX="372" publish:partUpperY="97" xmi:id="_oCoBoLbNEdudweVpisL84g"/><publish:partInfo name="MetadataIndex" publish:partLowerX="509" publish:partLowerY="117" publish:partUpperX="371" publish:partUpperY="70" xmi:id="_oCoBoLbNEdudweVpisL84g"/><publish:partInfo anchor="#attribute_cDsIMc17EduTE5xAot6nFA" name="view" publish:partLowerX="509" publish:partLowerY="279" publish:partUpperX="346" publish:partUpperY="249" xmi:id="_8TjGgJIVEduWfNtJ0THKPQ"/><publish:partInfo name="PartitionMetadata" publish:partLowerX="507" publish:partLowerY="295" publish:partUpperX="350" publish:partUpperY="227" xmi:id="_8TjGgJIVEduWfNtJ0THKPQ"/><publish:partInfo name="IResourceMetadata" publish:partLowerX="522" publish:partLowerY="496" publish:partUpperX="349" publish:partUpperY="398" xmi:id="_RfLnoM17EduTE5xAot6nFA"/><publish:partInfo name="SegmentMetadata" publish:partLowerX="426" publish:partLowerY="595" publish:partUpperX="268" publish:partUpperY="548" xmi:id="_quIloLbNEdudweVpisL84g"/></contents><contents Type="Class" name="Main" publish:icon="17368741.jpeg" publish:imageType="JPEG" publish:qualifiedname="architecture::scaleup::Main" xmi:id="_9yuvgM2YEdutrbzDPceyvA" xsi:type="notation:Diagram"><publish:partInfo name="" publish:partLowerX="442" publish:partLowerY="349" publish:partUpperX="181" publish:partUpperY="209" xmi:id="_wGzwwIqqEduD57FOfu5USw"/><publish:partInfo name="" publish:partLowerX="151" publish:partLowerY="527" publish:partUpperX="113" publish:partUpperY="218" xmi:id="_U2qaoM2YEdutrbzDPceyvA"/><publish:partInfo name="" publish:partLowerX="430" publish:partLowerY="572" publish:partUpperX="198" publish:partUpperY="502" xmi:id="_O2868M2YEdutrbzDPceyvA"/><publish:partInfo name="IJournal" publish:partLowerX="197" publish:partLowerY="232" publish:partUpperX="94" publish:partUpperY="166" xmi:id="_p0wYcM2IEduTE5xAot6nFA"/><publish:partInfo name="Journal" publish:partLowerX="520" publish:partLowerY="382" publish:partUpperX="431" publish:partUpperY="335" xmi:id="_TPzwQIqqEduD57FOfu5USw"/><publish:partInfo name="PartitionedJournal" publish:partLowerX="214" publish:partLowerY="568" publish:partUpperX="56" publish:partUpperY="516" xmi:id="_gQBoALbNEdudweVpisL84g"/><publish:partInfo name="SlaveJournal" publish:partLowerX="540" publish:partLowerY="562" publish:partUpperX="419" publish:partUpperY="515" xmi:id="_KpZVYM2YEdutrbzDPceyvA"/></contents><ownedMember name="IResourceMetadata" publish:icon="1640237.jpeg" publish:qualifiedname="architecture::scaleup::IResourceMetadata" xmi:id="_RfLnoM17EduTE5xAot6nFA" xsi:type="uml:Interface"><returnResult name="ReturnResult" publish:icon="1127417625.jpeg" publish:qualifiedname="architecture::scaleup::IResourceMetadata::getFile::ReturnResult" publish:type="File" publish:typeid="_l6Eh0ItsEdusPrxthOfM0w" xmi:id="_NNOSIM2aEdutrbzDPceyvA" xsi:type="uml:Parameter"><returnResult name="ReturnResult" publish:icon="1127417625.jpeg" publish:qualifiedname="architecture::scaleup::IResourceMetadata::size::ReturnResult" publish:type="long" publish:typeid="_TEqawYqrEduD57FOfu5USw" xmi:id="_OPYSsM2aEdutrbzDPceyvA" xsi:type="uml:Parameter"><returnResult name="ReturnResult" publish:icon="1127417625.jpeg" publish:qualifiedname="architecture::scaleup::IResourceMetadata::state::ReturnResult" publish:type="ResourceState" publish:typeid="_DctaUM2aEdutrbzDPceyvA" xmi:id="_RSuu8M2aEdutrbzDPceyvA" xsi:type="uml:Parameter"/></returnResult></returnResult></ownedMember><ownedMember name="PartitionedIndex" publish:icon="29165423.jpeg" publish:qualifiedname="architecture::scaleup::PartitionedIndex" xmi:id="_3J6zwIxCEdusPrxthOfM0w" xsi:type="uml:Class"><implementation name="" publish:icon="1836759.jpeg" publish:qualifiedname="architecture::scaleup::PartitionedIndex::&lt;Implementation>" xmi:id="_6cUeEM18EduTE5xAot6nFA" xsi:type="uml:Implementation"><mapping name="" publish:icon="16254927.jpeg" publish:qualifiedname="architecture::scaleup::PartitionedIndex::&lt;Implementation>::&lt;OpaqueExpression>" xmi:id="_6cUeEc18EduTE5xAot6nFA" xsi:type="uml:OpaqueExpression"/></implementation></ownedMember><ownedMember name="PartitionMetadata" publish:icon="29165423.jpeg" publish:qualifiedname="architecture::scaleup::PartitionMetadata" xmi:id="_8TjGgJIVEduWfNtJ0THKPQ" xsi:type="uml:Class"><upperValue name="" publish:icon="7669561.jpeg" publish:qualifiedname="architecture::scaleup::PartitionMetadata::view::&lt;LiteralUnlimitedNatural>" xmi:id="_cDsINM17EduTE5xAot6nFA" xsi:type="uml:LiteralUnlimitedNatural"/><lowerValue name="" publish:icon="32507827.jpeg" publish:qualifiedname="architecture::scaleup::PartitionMetadata::view::&lt;LiteralInteger>" xmi:id="_cDsIM817EduTE5xAot6nFA" xsi:type="uml:LiteralInteger"/></ownedMember><ownedMember name="PartitionedJournal" publish:icon="29165423.jpeg" publish:qualifiedname="architecture::scaleup::PartitionedJournal" xmi:id="_gQBoALbNEdudweVpisL84g" xsi:type="uml:Class"><implementation name="" publish:icon="1836759.jpeg" publish:qualifiedname="architecture::scaleup::PartitionedJournal::&lt;Implementation>" xmi:id="_U2qaoM2YEdutrbzDPceyvA" xsi:type="uml:Implementation"><mapping name="" publish:icon="16254927.jpeg" publish:qualifiedname="architecture::scaleup::PartitionedJournal::&lt;Implementation>::&lt;OpaqueExpression>" xmi:id="_U2qaoc2YEdutrbzDPceyvA" xsi:type="uml:OpaqueExpression"><upperValue name="" publish:icon="7669561.jpeg" publish:qualifiedname="architecture::scaleup::PartitionedJournal::metadataindex::&lt;LiteralUnlimitedNatural>" xmi:id="_vIXVQbbNEdudweVpisL84g" xsi:type="uml:LiteralUnlimitedNatural"/><lowerValue name="" publish:icon="32507827.jpeg" publish:qualifiedname="architecture::scaleup::PartitionedJournal::metadataindex::&lt;LiteralInteger>" xmi:id="_vIXVQLbNEdudweVpisL84g" xsi:type="uml:LiteralInteger"><upperValue name="" publish:icon="7669561.jpeg" publish:qualifiedname="architecture::scaleup::PartitionedJournal::slave::&lt;LiteralUnlimitedNatural>" xmi:id="_O2869M2YEdutrbzDPceyvA" xsi:type="uml:LiteralUnlimitedNatural"/><lowerValue name="" publish:icon="32507827.jpeg" publish:qualifiedname="architecture::scaleup::PartitionedJournal::slave::&lt;LiteralInteger>" xmi:id="_O286882YEdutrbzDPceyvA" xsi:type="uml:LiteralInteger"><returnResult name="ReturnResult" publish:icon="1127417625.jpeg" publish:qualifiedname="architecture::scaleup::PartitionedJournal::overflow::ReturnResult" publish:type="void" publish:typeid="_hcgqEoqrEduD57FOfu5USw" xmi:id="_aaMQEItqEduD57FOfu5USw" xsi:type="uml:Parameter"/></lowerValue></lowerValue></mapping></implementation></ownedMember><ownedMember name="MetadataIndex" publish:icon="29165423.jpeg" publish:qualifiedname="architecture::scaleup::MetadataIndex" xmi:id="_oCoBoLbNEdudweVpisL84g" xsi:type="uml:Class"><upperValue name="" publish:icon="7669561.jpeg" publish:qualifiedname="architecture::scaleup::MetadataIndex::partition::&lt;LiteralUnlimitedNatural>" xmi:id="_G4cMRM2YEdutrbzDPceyvA" xsi:type="uml:LiteralUnlimitedNatural"/><lowerValue name="" publish:icon="32507827.jpeg" publish:qualifiedname="architecture::scaleup::MetadataIndex::partition::&lt;LiteralInteger>" xmi:id="_G4cMQ82YEdutrbzDPceyvA" xsi:type="uml:LiteralInteger"/></ownedMember><ownedMember name="SegmentMetadata" publish:icon="29165423.jpeg" publish:qualifiedname="architecture::scaleup::SegmentMetadata" xmi:id="_quIloLbNEdudweVpisL84g" xsi:type="uml:Class"><implementation name="" publish:icon="1836759.jpeg" publish:qualifiedname="architecture::scaleup::SegmentMetadata::&lt;Implementation>" xmi:id="_DFjJcM2YEdutrbzDPceyvA" xsi:type="uml:Implementation"><mapping name="" publish:icon="16254927.jpeg" publish:qualifiedname="architecture::scaleup::SegmentMetadata::&lt;Implementation>::&lt;OpaqueExpression>" xmi:id="_DFjJcc2YEdutrbzDPceyvA" xsi:type="uml:OpaqueExpression"/></implementation></ownedMember><ownedMember name="" publish:icon="853711.jpeg" publish:qualifiedname="architecture::scaleup::&lt;Association>" xmi:id="_vINkQLbNEdudweVpisL84g" xsi:type="uml:Association"/><ownedMember name="" publish:icon="1507592161.jpeg" publish:qualifiedname="architecture::scaleup::&lt;Association>" xmi:id="_cDsIMM17EduTE5xAot6nFA" xsi:type="uml:Association"/><ownedMember name="JournalMetadata" publish:icon="29165423.jpeg" publish:qualifiedname="architecture::scaleup::JournalMetadata" xmi:id="_A6EwYM2YEdutrbzDPceyvA" xsi:type="uml:Class"><implementation name="" publish:icon="1836759.jpeg" publish:qualifiedname="architecture::scaleup::JournalMetadata::&lt;Implementation>" xmi:id="_D2SC0M2YEdutrbzDPceyvA" xsi:type="uml:Implementation"><mapping name="" publish:icon="16254927.jpeg" publish:qualifiedname="architecture::scaleup::JournalMetadata::&lt;Implementation>::&lt;OpaqueExpression>" xmi:id="_D2SC0c2YEdutrbzDPceyvA" xsi:type="uml:OpaqueExpression"/></implementation></ownedMember><ownedMember name="" publish:icon="1507592161.jpeg" publish:qualifiedname="architecture::scaleup::&lt;Association>" xmi:id="_G4cMQM2YEdutrbzDPceyvA" xsi:type="uml:Association"/><ownedMember name="SlaveJournal" publish:icon="29165423.jpeg" publish:qualifiedname="architecture::scaleup::SlaveJournal" xmi:id="_KpZVYM2YEdutrbzDPceyvA" xsi:type="uml:Class"/><ownedMember name="" publish:icon="1640379.jpeg" publish:qualifiedname="architecture::scaleup::&lt;Association>" xmi:id="_O2868M2YEdutrbzDPceyvA" xsi:type="uml:Association"/><ownedMember name="" publish:icon="346621515.jpeg" publish:qualifiedname="architecture::scaleup::&lt;Dependency>" xmi:id="_X6Kn4M2YEdutrbzDPceyvA" xsi:type="uml:Dependency"/><ownedMember name="" publish:icon="346621515.jpeg" publish:qualifiedname="architecture::scaleup::&lt;Dependency>" xmi:id="_ghzMEM2YEdutrbzDPceyvA" xsi:type="uml:Dependency"/><ownedMember name="ResourceState" publish:icon="460247.jpeg" publish:qualifiedname="architecture::scaleup::ResourceState" xmi:id="_DctaUM2aEdutrbzDPceyvA" xsi:type="uml:Enumeration"><ownedLiteral name="New" publish:icon="46335437.jpeg" publish:qualifiedname="architecture::scaleup::ResourceState::New" xmi:id="_EYBMAM2aEdutrbzDPceyvA" xsi:type="uml:EnumerationLiteral"><specification name="" publish:icon="16254927.jpeg" publish:qualifiedname="architecture::scaleup::ResourceState::New::&lt;OpaqueExpression>" xmi:id="_EtoPoM2aEdutrbzDPceyvA" xsi:type="uml:OpaqueExpression"/></ownedLiteral><ownedLiteral name="Live" publish:icon="46335437.jpeg" publish:qualifiedname="architecture::scaleup::ResourceState::Live" xmi:id="_JZuyYM2aEdutrbzDPceyvA" xsi:type="uml:EnumerationLiteral"><specification name="" publish:icon="16254927.jpeg" publish:qualifiedname="architecture::scaleup::ResourceState::Live::&lt;OpaqueExpression>" xmi:id="_Jp1D4M2aEdutrbzDPceyvA" xsi:type="uml:OpaqueExpression"/></ownedLiteral><ownedLiteral name="Dead" publish:icon="46335437.jpeg" publish:qualifiedname="architecture::scaleup::ResourceState::Dead" xmi:id="_JrBWsM2aEdutrbzDPceyvA" xsi:type="uml:EnumerationLiteral"><specification name="" publish:icon="16254927.jpeg" publish:qualifiedname="architecture::scaleup::ResourceState::Dead::&lt;OpaqueExpression>" xmi:id="_J8AZAM2aEdutrbzDPceyvA" xsi:type="uml:OpaqueExpression"/></ownedLiteral></ownedMember><ownedMember name="" publish:icon="1509185.jpeg" publish:qualifiedname="architecture::scaleup::&lt;Usage>" xmi:id="_VYPy0M2aEdutrbzDPceyvA" xsi:type="uml:Usage"/></ownedMember>